Input_Name,Selected_Name,Rank,Score,URL,Timestamp
"Worakls","Worakls",1,1.00,"/artist/5RPzPJCg4ER1LzQkorZ31p","2026-05-04 20:50:14"
"4th Dimension","4th Dimension",1,1.00,"/artist/4ZlFbALWdnGwddsSVIjupO","2026-05-05 08:08:58"
"A Forest Mighty Black","A Forest Mighty Black",1,1.00,"/artist/4zPCP1wMTDpEWsMWtMvPv5","2026-05-05 08:09:09"
"a-ha","a-ha",1,1.00,"/artist/2jzc5TC5TVFLXQlBNiIUzE","2026-05-05 08:09:21"
"Adrian Raso","Adrian Raso",1,1.00,"/artist/5srxWzYfB4gHtcdeswjQjy","2026-05-05 08:09:33"
"Agoria","Agoria",1,1.00,"/artist/4lu50np3LdTkRL09T7x8UP","2026-05-05 08:09:45"
"Akalé Wubé","Akalé Wubé",1,1.00,"/artist/2jjVw1rNPydSwqfJc5uSdn","2026-05-05 08:09:54"
"Alex Baranowski","Alex Baranowski",1,1.00,"/artist/25ZtHjSjM5LJckzidujhoQ","2026-05-05 08:10:07"
"Alexander Borodin","Alexander Borodin",1,1.00,"/artist/34MYamymtmnsmpwbqydd7I","2026-05-05 08:10:17"
"Alexi Murdoch","Alexi Murdoch",1,1.00,"/artist/25mrbNwFzoqPWyYXLhiDRw","2026-05-05 08:10:28"
"Alexis Ffrench","Alexis Ffrench",1,1.00,"/artist/58R31AvN8JMHM7xkNpVLjX","2026-05-05 08:10:38"
"Alfred Brendel","Alfred Brendel",1,1.00,"/artist/5vBh0nve44zwwVF5KWtCwA","2026-05-05 08:10:49"
"Alice Costelloe","Alice Costelloe",1,1.00,"/artist/1xbZZl0gYutFPyiUAXuJLy","2026-05-05 08:11:00"
"Alice Russell","Alice Russell",1,1.00,"/artist/1ga4lWS7NtKo4r9jNSWumc","2026-05-05 08:11:10"
"Alister","Alister",1,1.00,"/artist/1xouBaP3PomCmnS8kv2loT","2026-05-05 08:11:20"
"alt-J","alt-J",1,1.00,"/artist/3XHO7cRUPCLOr6jwp8vsx5","2026-05-05 08:11:32"
"Amarula Café Club","Amarula Café Club",1,1.00,"/artist/5ESiClFEihXPGrgq9t36Gd","2026-05-05 08:11:43"
"Amel Bent","Amel Bent",1,1.00,"/artist/15jZ8OLtnGATWHlQkltG7f","2026-05-05 08:11:53"
"Amelia Magdalena","Amelia Magdalena",1,1.00,"/artist/0z0lcAGtZwp9PUrqUCArLu","2026-05-05 08:12:04"
"Ami Warning","Ami Warning",1,1.00,"/artist/7emjIbMonyAREBQkHhblu9","2026-05-05 08:12:16"
"Ancient Astronauts","Ancient Astronauts",1,1.00,"/artist/09JW90QIws2Z3H8hxL5fFN","2026-05-05 08:12:26"
"Andy Shauf","Andy Shauf",1,1.00,"/artist/5mFKYdmiYwNJTDtSzgFyQx","2026-05-05 08:12:36"
"Angus & Julia Stone","Angus & Julia Stone",1,1.00,"/artist/4tvKz56Tr39bkhcQUTO0Xr","2026-05-05 08:12:46"
"Anna Majidson","Anna Majidson",1,1.00,"/artist/7jfJJuEsycOiEc2n4fCM7z","2026-05-05 08:12:57"
"Annie Lennox","Annie Lennox",1,1.00,"/artist/5MspMQqdVbdwP6ax3GXqum","2026-05-05 08:13:07"
"Antonio Pinto","Antonio Pinto",1,1.00,"/artist/7jBJcoFeQkHaqrJBIZsd5h","2026-05-05 08:13:19"
"Apparat","Apparat",1,1.00,"/artist/40Ojab0UtVQFjA76qXr8Ot","2026-05-05 08:13:30"
"Arca M","Arca M",1,1.00,"/artist/4qVGCiHNMFQPWATwj7stKg","2026-05-05 08:13:42"
"Arcadian","Arcadian",1,1.00,"/artist/6AsX53NZ0rVrVnlKLy1KvR","2026-05-05 08:13:54"
"Archive","Archive",1,1.00,"/artist/1Q776wzj2mrtXrNu3iH6nk","2026-05-05 08:14:04"
"Arctic Monkeys","Arctic Monkeys",1,1.00,"/artist/7Ln80lUS6He07XvHI8qqHH","2026-05-05 08:14:17"
"Arlo Parks","Arlo Parks",1,1.00,"/artist/4kIwETcbpuFgRukE8o7Opx","2026-05-05 08:14:29"
"Art Music","Art Music",1,1.00,"/artist/3gMrpwNrFNI5p6iz9IeUrs","2026-05-05 08:14:40"
"Asagaya","Asagaya",1,1.00,"/artist/5bhj69AnZez5WMz19Cq1Io","2026-05-05 08:14:49"
"ASPHALT","ASPHALT",1,1.00,"/artist/0HejIKqzSycSFSqO501hhh","2026-05-05 08:14:59"
"Au P'Tit Bonheur","Au P'Tit Bonheur",1,1.00,"/artist/6aA4f67AL9W1VxtO78M06b","2026-05-05 08:15:10"
"Avia","Avia",2,1.00,"/artist/08E1gIXEm5SDflPh1tGQ2Z","2026-05-05 08:15:20"
"Ax and the Hatchetmen","Ax and the Hatchetmen",1,1.00,"/artist/5WJCUSIw2Td5IEfa3LXCo9","2026-05-05 08:15:32"
"Axel Bauer","Axel Bauer",1,1.00,"/artist/7H9BHRpRnP55YwZpFLAVmd","2026-05-05 08:15:43"
"Axelle Red","Axelle Red",1,1.00,"/artist/3gX7V7VCwOBz90t62hQHMw","2026-05-05 08:15:53"
"Babes In Canyon","Babes In Canyon",1,1.00,"/artist/3qWhqacIGmabp0lVAVpPzA","2026-05-05 08:16:04"
"Baby Bugs","Baby Bugs",1,1.00,"/artist/3TBTcHpZ3aV1g8rk8i1zb5","2026-05-05 08:16:16"
"Bahamas","Bahamas",1,1.00,"/artist/4C50EbCS11M0VbGyH3OfLt","2026-05-05 08:16:26"
"Banda Ionica","Banda Ionica",1,1.00,"/artist/6eCtaocYOtjHwg3olwRtmV","2026-05-05 08:16:35"
"Bang On A Can All-Stars","Bang On A Can All-Stars",1,1.00,"/artist/7oWIf1AfunefF3puPqzTkQ","2026-05-05 08:16:46"
"Bastille","Bastille",1,1.00,"/artist/7EQ0qTo7fWT7DPxmxtSYEc","2026-05-05 08:16:58"
"beabadoobee","beabadoobee",1,1.00,"/artist/35l9BRT7MXmM8bv2WDQiyB","2026-05-05 08:17:09"
"Bedouine","Bedouine",1,1.00,"/artist/6IiZemRMna678qNhiRkYI5","2026-05-05 08:17:19"
"Bella Litsa","Bella Litsa",1,1.00,"/artist/7JtXhBJMyYER8yXatsX7Xd","2026-05-05 08:17:30"
"Benjamin Francis Leftwich","Benjamin Francis Leftwich",1,1.00,"/artist/7D5oTJSXSHf51auG0106CQ","2026-05-05 08:17:42"
"Benjamin Siksou","Benjamin Siksou",1,1.00,"/artist/3c8a5SxsvbvqUzstEbcgeM","2026-05-05 08:17:54"
"Berry Weight","Berry Weight",1,1.00,"/artist/5I7n9qoy56ibexYfrF9ZEL","2026-05-05 08:18:06"
"Bess Atwell","Bess Atwell",1,1.00,"/artist/6Pim5E5Lm03COsjHj2aEiK","2026-05-05 08:18:18"
"Bibi Tanga & The Selenites","Bibi Tanga & The Selenites",1,1.00,"/artist/1wDClxPQ3dnP5IfginkLma","2026-05-05 08:18:31"
"Billie Marten","Billie Marten",1,1.00,"/artist/02YLJJnWC7YQVixkjEBRn7","2026-05-05 08:18:45"
"Billy Joel","Billy Joel",1,1.00,"/artist/6zFYqv1mOsgBRQbae3JJ9e","2026-05-05 08:18:59"
"Biloba","Biloba",1,1.00,"/artist/1X3IRnPPAu5K9HOzff1Qey","2026-05-05 08:19:12"
"Bisou","Bisou",1,1.00,"/artist/74m2vnYnIGai5x0musAVGn","2026-05-05 08:19:27"
"Black Light Smoke","Black Light Smoke",1,1.00,"/artist/6tBzfm9cIQVj3JFJnF2QTm","2026-05-05 08:19:39"
"Blankass","Blankass",1,1.00,"/artist/1FSEVDIvXWHWPmPeCuka03","2026-05-05 08:19:54"
"Blood Red Sun","Blood Red Sun",1,1.00,"/artist/6CkMMcG6qTvQ8eI9yVjXbF","2026-05-05 08:20:06"
"Bobby Hughes Combination","Bobby Hughes Combination",1,1.00,"/artist/6NAOD3WFsejGYe83g5IID4","2026-05-05 08:20:17"
"Booka Shade","Booka Shade",1,1.00,"/artist/2CKaDZ1Yo8YnWega9IeUzB","2026-05-05 08:20:27"
"Bootstraps","Bootstraps",1,1.00,"/artist/0x5TKpXlF0dsnMNB2xOYXz","2026-05-05 08:20:39"
"Boozoo Bajou","Boozoo Bajou",1,1.00,"/artist/2I36EjIVz3vDfROgj1MfZ3","2026-05-05 08:20:51"
"Boston Symphony Orchestra","Boston Symphony Orchestra",1,1.00,"/artist/0K23lQ2hSQAlxSEeZ05bjI","2026-05-05 08:21:02"
"Boubacar Traoré","Boubacar Traoré",1,1.00,"/artist/63Bilw49Uv4s2wnovytDVU","2026-05-05 08:21:14"
"Bronski Beat","Bronski Beat",1,1.00,"/artist/2wpWOzQE5TpA0dVnh5YD08","2026-05-05 08:21:34"
"Bryan Senti","Bryan Senti",1,1.00,"/artist/4QSmk1Bll3nbQfsjTe7vIR","2026-05-05 08:21:46"
"BRÖ","BRÖ",1,1.00,"/artist/6U2PIOH8ZKgFprcdkIe8J5","2026-05-05 08:21:56"
"C.Y.M.","C.Y.M.",1,1.00,"/artist/2XYuCUX7Ravz8MBo4AkA2G","2026-05-05 08:22:07"
"Caesaria","Caesaria",1,1.00,"/artist/3GWHmhaBl7Lx4hygni7di3","2026-05-05 08:22:17"
"Camera Obscura","Camera Obscura",1,1.00,"/artist/5gInJ5P5gQnOKPM3SUEVFt","2026-05-05 08:22:27"
"Carducci String Quartet","Carducci String Quartet",1,1.00,"/artist/4cKOYjPLQGb79166NxfeyI","2026-05-05 08:22:39"
"CARLA","Carla",1,1.00,"/artist/7dgCfYEmAX7OxaYWgCGxAr","2026-05-05 08:22:49"
"Carla De Coignac","Carla De Coignac",1,1.00,"/artist/0S71ohbhoJii4mG4geSK2B","2026-05-05 08:23:00"
"Carmen Maria Vega","Carmen Maria Vega",1,1.00,"/artist/4BeUJGT638jeAuAvtm51oE","2026-05-05 08:23:12"
"Caroline Rose","Caroline Rose",1,1.00,"/artist/06W84OT2eFUNVwG85UsxJw","2026-05-05 08:23:24"
"Cassandra Jenkins","Cassandra Jenkins",1,1.00,"/artist/1WVGbBnzZ5WLZ2PfesIHik","2026-05-05 08:23:39"
"Catherine Deneuve","Catherine Deneuve",1,1.00,"/artist/16XHvtzF0KN8PSvjkkCpTk","2026-05-05 08:23:53"
"CECI","CECI",5,1.00,"/artist/5EyGexfSUi8oGjOmZSD5HG","2026-05-05 08:24:08"
"CeeLo Green","CeeLo Green",1,1.00,"/artist/5nLYd9ST4Cnwy6NHaCxbj8","2026-05-05 08:24:19"
"Chad Lawson","Chad Lawson",1,1.00,"/artist/72uoxerTvAd7x3cbfYmNc8","2026-05-05 08:24:30"
"Chance Peña","Chance Peña",1,1.00,"/artist/4lhUHpVOXmkEBGGHV71QCh","2026-05-05 08:24:41"
"Charles Bradley","Charles Bradley",1,1.00,"/artist/462T0buQ5ScBUQCRpodDRf","2026-05-05 08:24:54"
"Charles Cariou","Charles Cariou",1,1.00,"/artist/5ZE19URT15M3G8g2SrgRfB","2026-05-05 08:25:08"
"Chilla","Chilla",1,1.00,"/artist/1ywkNtrO3WGuwaehqxyjAO","2026-05-05 08:25:22"
"Chris Hyson","Chris Hyson",1,1.00,"/artist/2joqhIRsfoh7YoUdtXrQjd","2026-05-05 08:25:37"
"Christophe Julien","Christophe Julien",1,1.00,"/artist/5VOVvjzama6nfj1PCmhpfU","2026-05-05 08:25:51"
"Christophe Rousset","Christophe Rousset",1,1.00,"/artist/5JYgjQKgcKOCWvsMztDF2z","2026-05-05 08:26:04"
"Christophe Willem","Christophe Willem",1,1.00,"/artist/0wb3S587JG0riRtdPA6PQD","2026-05-05 08:26:18"
"Christopher Schwarzwälder","Christopher Schwarzwälder",1,1.00,"/artist/11i3tISGuOUmWFuXTRNrtD","2026-05-05 08:26:30"
"Class Actress","Class Actress",1,1.00,"/artist/4nZbOHYEypqHtWwTPQu8Fl","2026-05-05 08:26:45"
"Claude François","Claude François",1,1.00,"/artist/0P2p1bqVyP2EgqubwjTBUJ","2026-05-05 08:26:56"
"Cliché","Cliché",1,1.00,"/artist/26mcv3jlrmAjCqSjXJdyxL","2026-05-05 08:27:08"
"Clinton Shorter","Clinton Shorter",1,1.00,"/artist/23Vu6ClvSnmNSbz3ODd3iJ","2026-05-05 08:27:19"
"Club Kuru","Club Kuru",1,1.00,"/artist/1AdQnmF6taa106PwtUBK6O","2026-05-05 08:27:31"
"Cléa Vincent","Clea Vincent",1,0.92,"/artist/6eforqOxk5mRrgprF7XtYu","2026-05-05 08:27:43"
"Cold War Kids","Cold War Kids",1,1.00,"/artist/6VDdCwrBM4qQaGxoAyxyJC","2026-05-05 08:27:54"
"Columbia Symphony Orchestra","Columbia Symphony Orchestra",1,1.00,"/artist/1iNPygduJOu0JnzasoDVLE","2026-05-05 08:28:06"
"Common Saints","Common Saints",1,1.00,"/artist/5UA8O7xDhZ74ebRYT0XOxB","2026-05-05 08:28:18"
"Crowded House","Crowded House",1,1.00,"/artist/7ohlPA8dRBtCf92zaZCaaB","2026-05-05 08:28:28"
"Culture Club","Culture Club",1,1.00,"/artist/6kz53iCdBSqhQCZ21CoLcc","2026-05-05 08:28:40"
"Czech Philharmonic","Czech Philharmonic",1,1.00,"/artist/35NnUEPKGspM23lTZvK3cb","2026-05-05 08:28:50"
"Cœur De Pirate","Cœur De Pirate",1,1.00,"/artist/2eRNMtoi82UZUuaL6naDjA","2026-05-05 08:29:02"
"D3lta","D3lta",1,1.00,"/artist/1SN6kwZUyCW4HCACE6DQhh","2026-05-05 08:29:13"
"Daedr1k","Daedr1k",1,1.00,"/artist/3GDZPjtdr7bmVhbWfziQE4","2026-05-05 08:29:26"
"Dafuniks","Dafuniks",1,1.00,"/artist/04Sif7zzcEJZhYZy5BW3gZ","2026-05-05 08:29:38"
"Daigo Hanada","Daigo Hanada",1,1.00,"/artist/7kxdoQTibsQW5pOim1p2i3","2026-05-05 08:29:48"
"Dani Terreur","Dani Terreur",1,1.00,"/artist/5AWtYkPhj1X2cECuTUfq7Z","2026-05-05 08:29:58"
"Daniel Harding","Daniel Harding",1,1.00,"/artist/3sjupE75AphhTX12fgkQv6","2026-05-05 08:30:10"
"DARGZ","DARGZ",1,1.00,"/artist/0AggcZhPMyJglaaruoxJpN","2026-05-05 08:30:20"
"Das Pop","Das Pop",1,1.00,"/artist/6HvBsTSctQ8SGUzzfnMPcV","2026-05-05 08:30:31"
"David Arnold","David Arnold",1,1.00,"/artist/0mCdmt2O8dd8jJWv7m24EE","2026-05-05 08:30:42"
"David Helbock","David Helbock",1,1.00,"/artist/0vL5aeUgB40QfmprJKhpOq","2026-05-05 08:30:54"
"Deep Sea Arcade","Deep Sea Arcade",1,1.00,"/artist/5fBnEhIZ8lVR8PDpwi7Qcn","2026-05-05 08:31:05"
"Dida Pelled","Dida Pelled",1,1.00,"/artist/0glvBhmWig9yQPSojyqhxe","2026-05-05 08:31:15"
"Die Höchste Eisenbahn","Die Höchste Eisenbahn",1,1.00,"/artist/2NnrINoqFoPEteJ6m1TR72","2026-05-05 08:31:24"
"Digitalism","Digitalism",1,1.00,"/artist/2fBURuq7FrlH6z5F92mpOl","2026-05-05 08:31:36"
"Dinah Washington","Dinah Washington",1,1.00,"/artist/32LHRiof0sa4taYew9i3Fa","2026-05-05 08:31:47"
"Dirty Nice","Dirty Nice",1,1.00,"/artist/4MGA6AM4iZ2HYc6b77og9g","2026-05-05 08:31:59"
"Disappeared Completely","Disappeared Completely",1,1.00,"/artist/4R5wiVl9fXPuS71ws235Ch","2026-05-05 08:32:09"
"Diva Faune","Diva Faune",1,1.00,"/artist/39l75cUNbVMpHgykQLyOUT","2026-05-05 08:32:20"
"DJ Cam","DJ Cam",1,1.00,"/artist/1hwAhXzyuEUjug2pyNVSvg","2026-05-05 08:32:32"
"DJ Vadim","DJ Vadim",1,1.00,"/artist/4vwzEW1kPK1BlgSBGrRyqZ","2026-05-05 08:32:42"
"Djo","Djo",1,1.00,"/artist/5p9HO3XC5P3BLxJs5Mtrhm","2026-05-05 08:32:54"
"Donato Renzetti","Donato Renzetti",1,1.00,"/artist/083TwueC0X5jaYvaYVuhHx","2026-05-05 08:33:06"
"Doris Day","Doris Day",1,1.00,"/artist/3ESG6pj6a0LvUKklENalT6","2026-05-05 08:33:18"
"Douglas Firs","Douglas Firs",1,1.00,"/artist/4bIqgUsS9Vgb5vQOPdaLr4","2026-05-05 08:33:30"
"Doves","Doves",1,1.00,"/artist/0LVrQUinPUBFvVD5pLqmWY","2026-05-05 08:33:40"
"Dumbo Gets Mad","Dumbo Gets Mad",1,1.00,"/artist/530iy3GzOTqWe9LEeiZuDO","2026-05-05 08:33:49"
"Dungen","Dungen",1,1.00,"/artist/5d7hcYqz8bVY6Kt3bhjd3d","2026-05-05 08:34:01"
"Durand Jones & The Indications","Durand Jones & The Indications",1,1.00,"/artist/6TVVIyd0fsRDGg6WzHKyTP","2026-05-05 08:34:20"
"Ea Othilde","Ea Othilde",1,1.00,"/artist/1pwHSyOp1lppPxASOG0J99","2026-05-05 08:34:32"
"Edvard Kravchuk","Edvard Kravchuk",1,1.00,"/artist/0LK67TfgE1O9GrBXJ9KLUe","2026-05-05 08:34:44"
"Edward Elgar","Edward Elgar",1,1.00,"/artist/430byzy0c5bPn5opiu0SRd","2026-05-05 08:34:54"
"Elbow","Elbow",1,1.00,"/artist/0TJB3EE2efClsYIDQ8V2Jk","2026-05-05 08:35:05"
"Eldbjørg Hemsing","Eldbjørg Hemsing",1,1.00,"/artist/4M2W6hcJWi6Nrd3XelpO3F","2026-05-05 08:35:18"
"Elder Island","Elder Island",1,1.00,"/artist/3EnbnmqrrvApHJs6FMvYik","2026-05-05 08:35:28"
"Elia","Elia",2,1.00,"/artist/5KbznS5SUZOb7skpdIO9J6","2026-05-05 08:35:39"
"Elk Darling","Elk Darling",1,1.00,"/artist/5s0rSAWzNeLzd1DmEtl33P","2026-05-05 08:35:50"
"Elsiane","Elsiane",1,1.00,"/artist/0gbJdZ0gqf7y9NnCbfV3vp","2026-05-05 08:36:02"
"Eluvium","Eluvium",1,1.00,"/artist/4QK3YJ6hzJdhJHE9q7kbVV","2026-05-05 08:36:12"
"Emma Hoet","Emma Hoet",1,1.00,"/artist/2XPd4InVAVACQRNm6DLIz9","2026-05-05 08:36:22"
"Endless Wellness","Endless Wellness",1,1.00,"/artist/0rpmnKQXbtbFVFcxxGZuKc","2026-05-05 08:36:33"
"Ennio Morricone","Ennio Morricone",1,1.00,"/artist/1nIUhcKHnK6iyumRyoV68C","2026-05-05 08:36:45"
"Ensemble Contraste","Ensemble Contraste",1,1.00,"/artist/0C92eU3SGPjZXev5y6S1x2","2026-05-05 08:36:57"
"Eric Rohr","Eric Rohr",1,1.00,"/artist/6dMeGFx1TMvbbrzaqp4fgg","2026-05-05 08:37:08"
"Erich Leinsdorf","Erich Leinsdorf",1,1.00,"/artist/4WAWF88jefCusmHVGL0qem","2026-05-05 08:37:18"
"Erland Cooper","Erland Cooper",1,1.00,"/artist/636k3cBTCgdZfXzCj7Cuaa","2026-05-05 08:37:33"
"Esther","Esthero",11,0.92,"/artist/1VmTG1NmumTwTIOGbew6gH","2026-05-05 08:37:44"
"Etienne de Crécy","Etienne de Crécy",1,1.00,"/artist/78YRbJhMi5kXKruiQGCJo7","2026-05-05 08:37:56"
"Eulalie","Eulalie",1,1.00,"/artist/100Y2Jfg2QtKEdO4xKyQj5","2026-05-05 08:38:06"
"Eurythmics","Eurythmics",1,1.00,"/artist/0NKDgy9j66h3DLnN8qu1bB","2026-05-05 08:38:18"
"Eydís Evensen","Eydís Evensen",1,1.00,"/artist/2SMBaAG61s9mtyJ0eeXSWx","2026-05-05 08:38:27"
"Ezy Schubert","Ezy Schubert",1,1.00,"/artist/7ad2MiM7RXK1KZGskLcXLI","2026-05-05 08:38:37"
"Fabe","Fabe",1,1.00,"/artist/5Jh4UFOCWwleD3kcd88xyh","2026-05-05 08:38:46"
"Far Caspian","Far Caspian",1,1.00,"/artist/0EzsHuJxUDcfqSqvoPhKG4","2026-05-05 08:38:59"
"Felhur x Andro","Felhur x Andro",1,1.00,"/artist/7pM6sUyReIMJOA88s1WqYT","2026-05-05 08:39:11"
"Fenne Lily","Fenne Lily",1,1.00,"/artist/7iPH2BRBF9wKa6ljxvdext","2026-05-05 08:39:20"
"Fernando Velázquez","Fernando Velázquez",1,1.00,"/artist/2pElTJJ5D3ziEPyvZsW5eF","2026-05-05 08:39:32"
"FIL BO RIVA","FIL BO RIVA",1,1.00,"/artist/3JE0uoggWwwYG6rSSJk0HN","2026-05-05 08:39:43"
"Fils Cara","Fils Cara",1,1.00,"/artist/42SznvyZNQon11BUfdPadN","2026-05-05 08:39:54"
"Fleur bleu·e","Fleur bleu·e",1,1.00,"/artist/3NEPnl6DyRUCYNs2qiyQEq","2026-05-05 08:40:07"
"Fleur de Peau","Fleur de Peau",1,1.00,"/artist/6EoKem2HNXbpL23782Daoi","2026-05-05 08:40:18"
"Flora Hibberd","Flora Hibberd",1,1.00,"/artist/5EFG7rqfVfdyaXiRZbRkpS","2026-05-05 08:40:29"
"Florent Pagny","Florent Pagny",1,1.00,"/artist/0g7hZVprd3orBpMrSLWeJ9","2026-05-05 08:40:39"
"Francis Cabrel","Francis Cabrel",1,1.00,"/artist/5uo5NwSONVNfvSHHMQrHAv","2026-05-05 08:40:50"
"Francis et ses peintres","Francis et ses peintres",1,1.00,"/artist/02MK0ifAeMMEsBlIybPABW","2026-05-05 08:41:01"
"Franz von Suppé","Franz von Suppé",1,1.00,"/artist/0Yy8ebHB2Ubh1xVIdddNYF","2026-05-05 08:41:11"
"Fruit Bats","Fruit Bats",1,1.00,"/artist/6Qm9stX6XO1a4c7BXQDDgc","2026-05-05 08:41:23"
"Fruit Juice","Fruit Juice",1,1.00,"/artist/6WS6HCAPFgC3vUOV7ZTrvl","2026-05-05 08:41:34"
"Frédéric Fromet","Frédéric Fromet",1,1.00,"/artist/0Jolon5uL9w1eJl1swIhEA","2026-05-05 08:41:46"
"Fréro Delavega","Fréro Delavega",1,1.00,"/artist/6bebPrkEPr2xEkiHP3QkNT","2026-05-05 08:41:58"
"Fujiya & Miyagi","Fujiya & Miyagi",1,1.00,"/artist/0j2MwhbFTvquOBhs3LeIfU","2026-05-05 08:42:08"
"Fuzzman","Fuzzman",1,1.00,"/artist/7IkYn6WzLsHHHlehXOqueZ","2026-05-05 08:42:18"
"Gab Bouchard","Gab Bouchard",1,1.00,"/artist/0J0nIuBa8qMlDnlS5QrkiP","2026-05-05 08:42:29"
"Gael Rakotondrabe","Gael Rakotondrabe",1,1.00,"/artist/1j2ghUU0uwyR55Zg60l6Xx","2026-05-05 08:42:40"
"Gang of Youths","Gang of Youths",1,1.00,"/artist/142YBUGmLWCJigFLzgguf8","2026-05-05 08:42:52"
"Garance","Garance",1,1.00,"/artist/6CR3p5u0DxesDo6cqqvwke","2026-05-05 08:43:03"
"Gavin Bryars","Gavin Bryars",1,1.00,"/artist/0lVWTWT1YdiNwuW9Gv3mUF","2026-05-05 08:43:14"
"Gavin Luke","Gavin Luke",1,1.00,"/artist/2bqAlaRiT91dCQ7KMGnP8i","2026-05-05 08:43:26"
"Gaz Coombes","Gaz Coombes",1,1.00,"/artist/6ho33Vt1tjZyf8m7Z5NZhx","2026-05-05 08:43:38"
"Gaël Faure","Gael Faure",1,0.90,"/artist/3KikThZktmDtUICg0EOKoJ","2026-05-05 08:43:50"
"Geoff Zanelli","Geoff Zanelli",1,1.00,"/artist/0X5jj08FYkWPtmzUhhjOJd","2026-05-05 08:44:02"
"George Michael","George Michael",1,1.00,"/artist/19ra5tSw0tWufvUp8GotLo","2026-05-05 08:44:12"
"George Szell","George Szell",1,1.00,"/artist/2CFaOiHKik5FgNGzZJ08sx","2026-05-05 08:44:23"
"Georges Brassens","Georges Brassens",1,1.00,"/artist/5UWyW1PcEM8coxeqg3RIHr","2026-05-05 08:44:35"
"Georges Moustaki","Georges Moustaki",1,1.00,"/artist/0P4PF0pSB8hBeL1keuPwdG","2026-05-05 08:44:47"
"Georgio","Georgio",1,1.00,"/artist/6Xc0KDqzw5u6EQLgdfeoKO","2026-05-05 08:44:58"
"Gigi Perez","Gigi Perez",1,1.00,"/artist/1iCnM8foFssWlPRLfAbIwo","2026-05-05 08:45:07"
"Grace Bergere","Grace Bergere",1,1.00,"/artist/5MPtrNTC4M5bMPkvSoe1AG","2026-05-05 08:45:19"
"Grace Mesa","Grace Mesa",1,1.00,"/artist/2Q8M2r5qb9MvIYm5Ri6eRA","2026-05-05 08:45:30"
"Gracie Abrams","Gracie Abrams",1,1.00,"/artist/4tuJ0bMpJh08umKkEXKUI5","2026-05-05 08:45:40"
"Gramatik","Gramatik",1,1.00,"/artist/179BpmLkQCRIoU68Co80f5","2026-05-05 08:45:52"
"Grand Eugène","Grand Eugène",1,1.00,"/artist/15HoDsauDCgOxvCFijHxdT","2026-05-05 08:46:02"
"Gregory Alan Isakov","Gregory Alan Isakov",1,1.00,"/artist/5sXaGoRLSpd7VeyZrLkKwt","2026-05-05 08:46:12"
"Groove Armada","Groove Armada",1,1.00,"/artist/67tgMwUfnmqzYsNAtnP6YJ","2026-05-05 08:46:24"
"Gunnar Flagstad","Gunnar Flagstad",1,1.00,"/artist/0ZKTIgMlo7wSP8b5VDayRB","2026-05-05 08:46:34"
"Gustav Mahler","Gustav Mahler",1,1.00,"/artist/2ANtgfhQkKpsW6EYSDqldz","2026-05-05 08:46:45"
"Guy Marchand","Guy Marchand",1,1.00,"/artist/5QBrJzbX0Xj4cEc7YjHjBU","2026-05-05 08:46:55"
"Géraldine Laurent","Géraldine Laurent",1,1.00,"/artist/4ZqOMiFK46aw6mKAbsrHPK","2026-05-05 08:47:06"
"Hayes & Y","Hayes & Y",1,1.00,"/artist/2mwysWD4hDBi2riMRaKwVg","2026-05-05 08:47:16"
"Heartworms","Heartworms",1,1.00,"/artist/1slmc4uUMOsz7J3pQqeWPP","2026-05-05 08:47:28"
"Henry Jackman","Henry Jackman",1,1.00,"/artist/5SEW04tNMMrOz7UFQJA6vz","2026-05-05 08:47:40"
"Hidden Orchestra","Hidden Orchestra",1,1.00,"/artist/4Rj2COYs5hQsw8rYIxSviz","2026-05-05 08:47:50"
"HIGHCELL","HIGHCELL",1,1.00,"/artist/1e8wkuHUhtMKbMg5kf6iTr","2026-05-05 08:48:00"
"Hird","Hird",1,1.00,"/artist/33nGdwPVGbU7cFuIh9OnTu","2026-05-05 08:48:10"
"HK et Les Saltimbanks","HK et Les Saltimbanks",1,1.00,"/artist/4xsIQBB0sTOoXpENHzse10","2026-05-05 08:48:23"
"Hollow Coves","Hollow Coves",1,1.00,"/artist/7IAFAOtc9kTYNTizhLSWM6","2026-05-05 08:54:09"
"Holly Walker","Holly Walker",1,1.00,"/artist/5vssQp6TyMHsx4mihKVAsC","2026-05-05 08:54:20"
"Holy Wave","Holy Wave",1,1.00,"/artist/0Cx9SrMKbfrkHvnqJLHq6b","2026-05-05 08:54:30"
"Howard Harper-Barnes","Howard Harper-Barnes",1,1.00,"/artist/447ceX8wMVdX94yevKZFDe","2026-05-05 08:54:41"
"Hugar","Hugar",1,1.00,"/artist/0bdJp8l3a1uJRKe2YaAcE9","2026-05-05 08:54:53"
"Hugo Barriol","Hugo Barriol",1,1.00,"/artist/714s2nd4G1chzdguyBIwvk","2026-05-05 08:55:05"
"Hugues Aufray","Hugues Aufray",1,1.00,"/artist/6TOGbRYHQizlf3adIyugol","2026-05-05 08:55:16"
"Hungarian State Orchestra","Hungarian State Orchestra",1,1.00,"/artist/2BTfUNZWQnbsRVQuPVAvHY","2026-05-05 08:55:28"
"HVOB","HVOB",1,1.00,"/artist/6RAx8RRxoHeJIqD2d0EjOa","2026-05-05 08:55:39"
"i don't like mirrors","i don't like mirrors",1,1.00,"/artist/7sZCJvKlrUa5wP3GDnW0ld","2026-05-05 08:55:48"
"Igit","Igit",1,1.00,"/artist/2LtwY1FwTKv3Ox8h8oFGLa","2026-05-05 08:56:00"
"Il Etait Une Fois","Il Etait Une Fois",1,1.00,"/artist/1QQlg9J5PEMv9cpOOJPUvR","2026-05-05 08:56:10"
"Incredible Polo","Incredible Polo",1,1.00,"/artist/65vrx4G8nHR9NvIcW1K9WB","2026-05-05 08:56:21"
"Isaac Stern","Isaac Stern",1,1.00,"/artist/3HYV4ZdJ1LSOhPo5ehlEqF","2026-05-05 08:56:31"
"Iskra String Quartet","Iskra String Quartet",1,1.00,"/artist/7cApEzpfV7mgSObAHr3dy4","2026-05-05 08:56:43"
"Islands","Islands",1,1.00,"/artist/1ObsHTgbvIYOfSHohHuV6n","2026-05-05 08:56:54"
"Itzhak Perlman","Itzhak Perlman",1,1.00,"/artist/0hIG9FXgjQxT8fKaYceFbA","2026-05-05 08:57:05"
"Jacob Groening","Jacob Groening",1,1.00,"/artist/4Mlxc3DHm3Qr5XTaEXHT6f","2026-05-05 08:57:17"
"Jaeyla","Jaeyla",1,1.00,"/artist/3Qomc2u6XEdPr3jBzMb9wR","2026-05-05 08:57:27"
"Jan Kučera","Jan Kučera",1,1.00,"/artist/6lXfk4fkXv9RtjOk4joNXI","2026-05-05 08:57:37"
"Jane Dire","Jane Dire",1,1.00,"/artist/4cIKsggZBMG5E9mpTc55YM","2026-05-05 08:57:47"
"Jean-Baptiste Lully","Jean-Baptiste Lully",1,1.00,"/artist/19v0Cnq5D4SKom8SVlXhkw","2026-05-05 08:57:57"
"Jean-Jacques Goldman","Jean-Jacques Goldman",1,1.00,"/artist/2Cx19OTMqa6gpz2l60cGG2","2026-05-05 08:58:07"
"Jeanne Mas","Jeanne Mas",1,1.00,"/artist/6ItMujsGa113JYrjlfrZXR","2026-05-05 08:58:19"
"Jenifer","Jenifer",1,1.00,"/artist/7p0bICJNx2HM4jS28qexvv","2026-05-05 08:58:29"
"Jerge","Jerge",1,1.00,"/artist/4irc3y7F0tnbvqhcxbolLT","2026-05-05 08:58:39"
"Jesse Marchant","Jesse Marchant",1,1.00,"/artist/3iS3odNdoJU01yRxtMHubs","2026-05-05 08:58:49"
"Jessie Mazin","Jessie Mazin",1,1.00,"/artist/61Yb6Hi8nlwDwR3GJ7VAnx","2026-05-05 08:58:59"
"Jesús López-Cobos","Jesús López-Cobos",1,1.00,"/artist/4hVO4GtoFDpYsXdgXOxssI","2026-05-05 08:59:10"
"Jeune Oji","Jeune Oji",1,1.00,"/artist/1VNBimzFQgGsGyuqyKS3CQ","2026-05-05 08:59:22"
"Jill Barber","Jill Barber",1,1.00,"/artist/0Geq9Y20DjOlUjvmFZtzGx","2026-05-05 08:59:34"
"Jin Yerei","Jin Yerei",1,1.00,"/artist/5A2XGov21od4rPuy5U5GaW","2026-05-05 08:59:46"
"Jitwam","Jitwam",1,1.00,"/artist/3yg8VEfEzpr8T9NkiEsycS","2026-05-05 08:59:57"
"Jiří Bělohlávek","Jiří Bělohlávek",1,1.00,"/artist/1b5qV5N8eWF48rJSGIOEBx","2026-05-05 09:00:09"
"Joe Goddard","Joe Goddard",1,1.00,"/artist/380fnmlGnkyueBMqGWx2k5","2026-05-05 09:00:21"
"Johan Papaconstantino","Johan Papaconstantino",1,1.00,"/artist/7xuc5o2ysVzV0UDiGordzO","2026-05-05 09:00:32"
"Johann Strauss I","Johann Strauss I",2,1.00,"/artist/4WMHJgeJCssiGW3ssUT7eb","2026-05-05 09:00:44"
"John Barry","John Barry",1,1.00,"/artist/7ctAOUlIAs7yuMODWE2Fyz","2026-05-05 09:01:01"
"John Debney","John Debney",1,1.00,"/artist/7mCsyzq823cXJ5puxUN3aJ","2026-05-05 09:01:12"
"John Vegard Schow","John Vegard Schow",1,1.00,"/artist/00bOFN0VJ7IQqtK3TdRcsN","2026-05-05 09:01:25"
"Jon Kennedy","Jon Kennedy",1,1.00,"/artist/0quxTLpktFyiRP853em5Fn","2026-05-05 09:01:38"
"Jordana","Jordana",3,1.00,"/artist/5Bw9kFNhy019e4IBCJZlzw","2026-05-05 09:01:47"
"Joseph Chedid","Joseph Chedid",1,1.00,"/artist/6zFhp7ed8kbiUDvPhXIkxo","2026-05-05 09:01:57"
"Joseph Kamel","Joseph Kamel",1,1.00,"/artist/5SQFDZOMgKao4hMpULEaoI","2026-05-05 09:02:09"
"Joseph Trapanese","Joseph Trapanese",1,1.00,"/artist/566MlWaCa63jvMZV9YMj3V","2026-05-05 09:02:19"
"jplenz","jplenz",1,1.00,"/artist/4t6ZHncGO1q5TKfIn1rq28","2026-05-05 09:02:29"
"Julian Plenti","Julian Plenti",1,1.00,"/artist/4RlEYUI2Q5gKfDn1VwKQpK","2026-05-05 09:02:41"
"Julie Byrne","Julie Byrne",1,1.00,"/artist/10duXbKJkvdGK5RgktEnxV","2026-05-05 09:02:52"
"Julien Baer","Julien Baer",1,1.00,"/artist/4vaIXFbNmzRmOepmPLjkMQ","2026-05-05 09:03:02"
"JusteNiels","JusteNiels",1,1.00,"/artist/5Dw4UeEYTZDnYxqMA7cxJ5","2026-05-05 09:03:14"
"Kai Engel","Kai Engel",1,1.00,"/artist/5e98C748hMeIsvOflAJj66","2026-05-05 09:03:26"
"Kaky","Kaky",1,1.00,"/artist/2BbWg6tgQK7hINJ0EDzk4O","2026-05-05 09:03:37"
"Kanadia","Kanadia",1,1.00,"/artist/65rcuCM57ICUgXn7bTO5Ts","2026-05-05 09:03:48"
"Kaponz & Spinoza","Kaponz & Spinoza",1,1.00,"/artist/4jw7Shn8bspWqahnqraJu9","2026-05-05 09:03:58"
"Karen Elson","Karen Elson",1,1.00,"/artist/0XKPHX4BZDrtSEr3Pd1Q4k","2026-05-05 09:04:10"
"Karkwa","Karkwa",1,1.00,"/artist/6l8KabfQ4VAdFHzm3ZOOYZ","2026-05-05 09:04:22"
"Karl Böhm","Karl Böhm",1,1.00,"/artist/3fyr5uksidSlLzsUjRIz5A","2026-05-05 09:04:34"
"Katerine","Katerine",3,1.00,"/artist/1mgMUiCLotueW9uU9ZZjk3","2026-05-05 09:04:45"
"Kaymo","Kaymo",1,1.00,"/artist/50xF3MVAwmJ5xHzwPYgHFc","2026-05-05 09:04:56"
"Keane","Keane",1,1.00,"/artist/53A0W3U0s8diEn9RhXQhVz","2026-05-05 09:05:20"
"Keith Merrill","Keith Merrill",1,1.00,"/artist/27S5TGFAfdfiRSD23o5J3j","2026-05-05 09:05:32"
"Kemmler","Kemmler",1,1.00,"/artist/7hChnO6TKesBmtbTFFjYbP","2026-05-05 09:05:43"
"Kessi K","Kessi K",1,1.00,"/artist/2ganOsnVn1LTVRR0tGgxUR","2026-05-05 09:05:55"
"KEYNVOR","KEYNVOR",1,1.00,"/artist/6D5xKOIKwUgo1i6rNzbhtx","2026-05-05 09:06:06"
"Kill Emil","Kill Emil",1,1.00,"/artist/3y9hQYlwNKqhdybIJTFzTr","2026-05-05 09:06:17"
"Kinkead","Kinkead",1,1.00,"/artist/5Aly75fTVDrSY5TQMB4K1o","2026-05-05 09:06:29"
"Kinny","Kinny",1,1.00,"/artist/2qxT3F9aZYB4hLhYcB4IKk","2026-05-05 09:06:41"
"Kinny & Horne","Kinny & Horne",1,1.00,"/artist/3plTPGEc8MHpNRfmDBrCGI","2026-05-05 09:06:53"
"Kissing Is a Crime","Kissing Is a Crime",1,1.00,"/artist/2EisdarJkJTx3I3n0eciDj","2026-05-05 09:07:06"
"Klaus Badelt","Klaus Badelt",1,1.00,"/artist/03GruNQP8X25PCoWzdvIGZ","2026-05-05 09:07:15"
"Kleintierschaukel","Kleintierschaukel",1,1.00,"/artist/1IaccfV9FzIR8Iax4cZ5Fn","2026-05-05 09:07:27"
"Klyne","Klyne",1,1.00,"/artist/3q4qbeWVDpN7LcwU6db2a7","2026-05-05 09:07:39"
"Kosco","Kosco",1,1.00,"/artist/4fjdmn68aooi8LTGSSTxgo","2026-05-05 09:07:49"
"Kowloon","Kowloon",1,1.00,"/artist/4VQqGf7U3RUspgTsprypWE","2026-05-05 09:08:01"
"Kruder & Dorfmeister","Kruder & Dorfmeister",1,1.00,"/artist/39ywlwtGw8RTGobakgb11L","2026-05-05 09:08:11"
"KT Tunstall","KT Tunstall",1,1.00,"/artist/5zzrJD2jXrE9dZ1AklRFcL","2026-05-05 09:08:22"
"Kyo","Kyo",1,1.00,"/artist/5ylOD196qui8JgXBrQUzok","2026-05-05 09:08:32"
"Küdeta","Küdeta",1,1.00,"/artist/3EgrKa2ozrlyqZ2s1ThL1C","2026-05-05 09:08:45"
"LA LOM","LA LOM",1,1.00,"/artist/01sY3iLJZtSBa0BIbcpddJ","2026-05-05 09:08:55"
"La Riviera","La Riviera",1,1.00,"/artist/0ZWNl9OR9Z7s4nNt12PxPl","2026-05-05 09:09:05"
"Labyrinths","Labyrinths",2,1.00,"/artist/1YSiFCQHbplojn1bj0cD20","2026-05-05 09:09:16"
"Lady Sir","Lady Sir",1,1.00,"/artist/79ULAyO4958aeBYlakiE4k","2026-05-05 09:09:28"
"Lady Wray","Lady Wray",1,1.00,"/artist/1plioVQ0mcgAO7uhvWkJJy","2026-05-05 09:09:38"
"Lamb","Lamb",2,1.00,"/artist/6mzQRecVBUMepkVGAhn6io","2026-05-05 09:09:48"
"Lang Lang","Lang Lang",1,1.00,"/artist/1YZhNFBxkEB5UKTgMDvot4","2026-05-05 09:10:01"
"Lapcat","Lapcat",1,1.00,"/artist/56D2eRuF5QbiVbm1ngpaXK","2026-05-05 09:10:13"
"Lars Danielsson","Lars Danielsson",1,1.00,"/artist/7c9O0hfRy2u32JVcWhoope","2026-05-05 09:10:24"
"LCD Soundsystem","LCD Soundsystem",1,1.00,"/artist/066X20Nz7iquqkkCW6Jxy6","2026-05-05 09:10:35"
"Le Prince Miiaou","Le Prince Miiaou",1,1.00,"/artist/0fffWPHzxwbxt9Eb75nHX3","2026-05-05 09:10:45"
"LEILA","LEILA",8,1.00,"/artist/4Ug2xY5mJFUqx4UkrggYLg","2026-05-05 09:10:56"
"LEISURE","LEISURE",1,1.00,"/artist/7b04D0yLktCUpvxQBhmG7R","2026-05-05 09:11:08"
"Leith Ross","Leith Ross",1,1.00,"/artist/4nxKz1dRYXnsGzN1lUURtG","2026-05-05 09:11:20"
"Leny Escudero","Leny Escudero",1,1.00,"/artist/1mXb0Qv31vT7i4X0Rff9hh","2026-05-05 09:11:31"
"Leonie Pernet","Léonie Pernet",1,0.92,"/artist/5hGg5Xi5EqhkDooT7myKfC","2026-05-05 09:11:41"
"Les Amis D'ta Femme","Les Amis D'ta Femme",1,1.00,"/artist/27zZxSk7AynBSC0XYiivLp","2026-05-05 09:11:53"
"Les Croquants","Les Croquants",1,1.00,"/artist/44tWbf1N3hZlP5bswGsn3g","2026-05-05 09:12:05"
"Les Hay Babies","Les Hay Babies",1,1.00,"/artist/19MYB7a3GOTcbnZrl7juwx","2026-05-05 09:12:15"
"Les P'tits Gars Laids","Les P'tits Gars Laids",1,1.00,"/artist/4GTdPNshNvdjLbia6EHced","2026-05-05 09:12:26"
"Les VRP","Les VRP",1,1.00,"/artist/1UlbIPR4gt1ZQcEiDzD5j9","2026-05-05 09:12:38"
"Lia Juno","Lia Juno",1,1.00,"/artist/7n9lO4WwmeJPLBJ5NFXPoe","2026-05-05 09:12:49"
"Liana Flores","Liana Flores",1,1.00,"/artist/5zVu34ozw0BzXIcNHqkO0u","2026-05-05 09:13:00"
"Lili Em","Lili Em",1,1.00,"/artist/4LjJmXmEJVACRkgQyMzPBk","2026-05-05 09:13:12"
"Lilly Wood & The Prick","Lilly Wood and The Prick",1,0.91,"/artist/50OApTJurDusIo9dGTqSU4","2026-05-05 09:13:22"
"Little Dragon","Little Dragon",1,1.00,"/artist/6Tyzp9KzpiZ04DABQoedps","2026-05-05 09:13:34"
"Lo'Jo","Lo'Jo",1,1.00,"/artist/3U9HMtqg5oztf8GAh3gosw","2026-05-05 09:13:44"
"Lomelda","Lomelda",1,1.00,"/artist/6zcDLZ62JsbVM1nLrQMzi4","2026-05-05 09:13:54"
"London Concert Orchestra","London Concert Orchestra",1,1.00,"/artist/3xTMXxEeH7SjOgnm1tnBbm","2026-05-05 09:14:07"
"London Grammar","London Grammar",1,1.00,"/artist/3Bd1cgCjtCI32PYvDC3ynO","2026-05-05 09:14:19"
"London Musici","London Musici",1,1.00,"/artist/5mGcQtZfagZIDEbv8UqLjL","2026-05-05 09:14:29"
"Lord Kesseli and the Drums","Lord Kesseli and the Drums",1,1.00,"/artist/7kEPX26C3PvemPun7bnWGD","2026-05-05 09:14:41"
"Lorde","Lorde",1,1.00,"/artist/163tK9Wjr9P9DmM0AVK7lm","2026-05-05 09:14:51"
"Louis Sévigny","Louis Sévigny",1,1.00,"/artist/4evX9XxTZkPxY4LH0gRR5M","2026-05-05 09:15:03"
"Louis-Charles","Louis-Charles",1,1.00,"/artist/4xSFFtQxCSgv0POlI4WwVU","2026-05-05 09:15:13"
"Louisadonna","Louisadonna",1,1.00,"/artist/6KeEXdNCF2wHQ1kT3seHO1","2026-05-05 09:15:23"
"Loulou","Loulou",3,1.00,"/artist/450cAtFmSNH0fRvEiLloRa","2026-05-05 09:15:35"
"Lous and The Yakuza","Lous and The Yakuza",1,1.00,"/artist/2HPiMwJktBXqakN0hnON2R","2026-05-05 09:15:45"
"Low","Low",4,1.00,"/artist/0wz0jO9anccPzH04N7FLBH","2026-05-05 09:15:54"
"Loy Ehrlich","Loy Ehrlich",1,1.00,"/artist/1Y21TMXwcmh3J7ScCMRQdH","2026-05-05 09:16:04"
"Lucie Vagenheim","Lucie Vagenheim",1,1.00,"/artist/65uHQdmdUXEhrV4u9OQJW6","2026-05-05 09:16:17"
"Lucy Fair","Lucy Fair",1,1.00,"/artist/6sEqKHhuSzUK1egrdbgQRd","2026-05-05 09:16:26"
"Ludwig Göransson","Ludwig Göransson",1,1.00,"/artist/24eDfi2MSYo3A87hCcgpIL","2026-05-05 09:16:38"
"Luvcat","Luvcat",1,1.00,"/artist/2IprcYDAYTYzCl4AJH3AuT","2026-05-05 09:16:48"
"Maarten Vos","Maarten Vos",1,1.00,"/artist/0ebjSec5WcmJE7r09zDEE1","2026-05-05 09:16:58"
"Maeva Kane","Maeva Kane",1,1.00,"/artist/2rR3pT6Guwb9QhC0A0niqt","2026-05-05 09:17:09"
"Magenta Club","Magenta Club",1,1.00,"/artist/5du1Lf0YKbak13Ym58jKsA","2026-05-05 09:17:20"
"Mahault","Mahault",1,1.00,"/artist/11ZX7oUNAnIemOqIOPQHsc","2026-05-05 09:17:31"
"Mahler Chamber Orchestra","Mahler Chamber Orchestra",1,1.00,"/artist/5g44FyRrB0AUEdQbqW4jAo","2026-05-05 09:17:41"
"Malummí","Malummí",1,1.00,"/artist/6dZYwSaKQKdDOro5lIHORl","2026-05-05 09:17:53"
"Manchester Orchestra","Manchester Orchestra",1,1.00,"/artist/5wFXmYsg3KFJ8BDsQudJ4f","2026-05-05 09:18:03"
"Marcel Amont","Marcel Amont",1,1.00,"/artist/3X0bU2WHDLK1NPKp5OELHa","2026-05-05 09:18:14"
"Marie Benoliel","Marie Benoliel",1,1.00,"/artist/7APwaaRsb09JNi7ogvgEo2","2026-05-05 09:18:24"
"Mark Isham","Mark Isham",1,1.00,"/artist/5qlzaXu4riV8YLrL97cwyI","2026-05-05 09:18:34"
"MARO","MARO",1,1.00,"/artist/3NP4jJcW3R6qO6rbtnH0wn","2026-05-05 09:18:46"
"Martha Argerich","Martha Argerich",1,1.00,"/artist/66MvLAvLznk5UOvASVGjk4","2026-05-05 09:18:57"
"Martin Mey","Martin Mey",1,1.00,"/artist/5setL4KwwASadkibbc5HxP","2026-05-05 09:19:08"
"Martyn Heyne","Martyn Heyne",1,1.00,"/artist/6xrIXAjnPpgitqGcPFsl6f","2026-05-05 09:19:18"
"Matt Berninger","Matt Berninger",1,1.00,"/artist/27jRNjIvlUcGN7FBRDnqhp","2026-05-05 09:19:30"
"Matt Pond PA","Matt Pond PA",1,1.00,"/artist/3JVgWZxQa78cVa2cUuAUQ4","2026-05-05 09:19:41"
"Matthew Halsall","Matthew Halsall",1,1.00,"/artist/0Cioop2zjxXxtcPUme7R46","2026-05-05 09:19:53"
"Maurice Jarre","Maurice Jarre",1,1.00,"/artist/6iyQYs37mRXLW04Z9NOnNT","2026-05-05 09:20:06"
"Max Cooper","Max Cooper",1,1.00,"/artist/0WSSKmoRbxqLf3MnXInQ2J","2026-05-05 09:20:18"
"Maxence","Maxence",1,1.00,"/artist/6WK6ZRBhoIRXA8xkAvhMKv","2026-05-05 09:20:30"
"Maxime Duvall","Maxime Duvall",1,1.00,"/artist/3NDEk51m55JVmbLKW4EXjQ","2026-05-05 09:20:42"
"Maëlle","Maëlle",1,1.00,"/artist/5Ha8JdCWeJ8vdqEhzgiSU5","2026-05-05 09:20:53"
"Mei Semones","Mei Semones",1,1.00,"/artist/3Cp20KSVlMlFuOdqiqHFGR","2026-05-05 09:21:05"
"Melida","Melida",1,1.00,"/artist/7hkiIHU1npJrKJDkc3C1H0","2026-05-05 09:21:15"
"Melissa Mary Ahern","Melissa Mary Ahern",1,1.00,"/artist/79KGU3BCSn2jRJi4r0jHZ2","2026-05-05 09:21:28"
"Mentissa","Mentissa",1,1.00,"/artist/0cb0p26TbAeBeekZHfxWlS","2026-05-05 09:21:40"
"Michael Gordon","Michael Gordon",1,1.00,"/artist/69Qu66Y6G07dk23Ld2ym1F","2026-05-05 09:21:52"
"Michel Jonasz","Michel Jonasz",1,1.00,"/artist/1xbjT6BnZk2j6PZhf5VZR7","2026-05-05 09:22:03"
"Michel Portal","Michel Portal",1,1.00,"/artist/3zz4BITBs6xvnzw2vtQi2D","2026-05-05 09:22:15"
"Mikhail Pletnev","Mikhail Pletnev",1,1.00,"/artist/2YdRnOqBXCl9g8xCLcGh8C","2026-05-05 09:22:28"
"MIMOSA","MIMOSA",1,1.00,"/artist/64XUJ8nVZaAZ8U42pvw7Rl","2026-05-05 09:22:38"
"Mischa Maisky","Mischa Maisky",1,1.00,"/artist/6rlVhQqS15yJMO4DZqrq6I","2026-05-05 09:22:48"
"Miya Folick","Miya Folick",1,1.00,"/artist/1jFVu6Z7wmwywivOeBTSIV","2026-05-05 09:22:58"
"Mo' Horizons","Mo' Horizons",1,1.00,"/artist/3tuX54dqgS8LsGUvNzgrpP","2026-05-05 09:23:11"
"mona guba","mona guba",1,1.00,"/artist/0XcjEhnBxtPbt6ZwfIoAyn","2026-05-05 09:23:23"
"Morgan Delt","Morgan Delt",1,1.00,"/artist/29ITaP4nYGDlz54m7pLJL1","2026-05-05 09:23:45"
"Mousey","Mousey",1,1.00,"/artist/2i8PjlwoRliIYTnNjEndXm","2026-05-05 09:23:55"
"Moux","Moux",1,1.00,"/artist/4jsMhXef3DBlwIfiVLEGDZ","2026-05-05 09:24:05"
"Mood Bored","Mood Bored",1,1.00,"/artist/3MrcMcqcIqymHOmn3hhpIu","2026-05-05 09:24:17"
"Mystic Braves","Mystic Braves",1,1.00,"/artist/2EfFOe92ZZHE2lpappD8js","2026-05-05 09:24:27"
"Mélo Lauret","Mélo Lauret",1,1.00,"/artist/4gceoi6b3eqGyx9dLQU1S4","2026-05-05 09:24:39"
"Møme","Møme",1,1.00,"/artist/4lDXfIznmGueBgTjI3qGUX","2026-05-05 09:24:50"
"Naima Joris","Naima Joris",1,1.00,"/artist/3eSHHprsyLcEwQUYwAAWmw","2026-05-05 09:25:00"
"Natasha Bedingfield","Natasha Bedingfield",1,1.00,"/artist/7o95ZoZt5ZYn31e9z1Hc0a","2026-05-05 09:25:11"
"NDR Radiophilharmonie","NDR Radiophilharmonie",1,1.00,"/artist/6i9KFEJuHq78nMsQxeB1vR","2026-05-05 09:25:22"
"Neeme Järvi","Neeme Järvi",1,1.00,"/artist/5UHZvYJA0aPcJSLYkYAeps","2026-05-05 09:25:33"
"Nep","Nep",15,1.00,"/artist/5IMSbLzrwV9SZOWSLU1dl5","2026-05-05 09:25:45"
"Nicola Benedetti","Nicola Benedetti",1,1.00,"/artist/02B3Os1lCLuWR6klPJiQpW","2026-05-05 09:25:56"
"Nicola Ghiuselev","Nicola Ghiuselev",1,1.00,"/artist/3gmefLFKEDoQUF2A3oBkAl","2026-05-05 09:26:06"
"Nigel Woodhouse","Nigel Woodhouse",1,1.00,"/artist/1wZkqZ8BzQgUlKGeCdnaSt","2026-05-05 09:26:17"
"Night Beats","Night Beats",1,1.00,"/artist/07dZirN9KFAGIHeBvSDfuO","2026-05-05 09:26:27"
"NIGHT FLIGHT","NIGHT FLIGHT",2,1.00,"/artist/2nMtboATQpmDWebmKRsqpE","2026-05-05 09:26:38"
"Nikolai Rimsky-Korsakov","Nikolai Rimsky-Korsakov",1,1.00,"/artist/2kXJ68O899XvWOBdpzlXgs","2026-05-05 09:26:50"
"Noah Floersch","Noah Floersch",1,1.00,"/artist/6fU24B4K9kWmFt5WTwwsLF","2026-05-05 09:27:01"
"nothhingspecial","nothhingspecial",1,1.00,"/artist/1GDKz5zXC9NCTA2ViXPv02","2026-05-05 09:27:12"
"nous étions une armée","nous étions une armée",1,1.00,"/artist/2GT9RRFupyQile63whfk0t","2026-05-05 09:27:22"
"Novaé Lita","Novaé Lita",1,1.00,"/artist/1tZ9lQ62KmVFephCl3hfB6","2026-05-05 09:27:33"
"Obsimo","Obsimo",1,1.00,"/artist/3zHiZOMFJFL3GjWwsmYEJy","2026-05-05 09:27:45"
"Okkervil River","Okkervil River",1,1.00,"/artist/5E7zSu46SqTmgKqsc0tFkY","2026-05-05 09:28:05"
"Old Crush","Old Crush",1,1.00,"/artist/4PV677WWrQCy0x1G3RibMa","2026-05-05 09:28:15"
"Olivier Casassus","Olivier Casassus",1,1.00,"/artist/0nUOb16yc2iNO9OcUPrpA5","2026-05-05 09:28:26"
"Olympe Chabert","Olympe Chabert",1,1.00,"/artist/5vAhRi3Q9OFWN9C8pO3oTp","2026-05-05 09:28:36"
"Orchestra of the Swan","Orchestra of the Swan",1,1.00,"/artist/4Q6c37zCXu7UvWmUcROoVq","2026-05-05 09:28:45"
"Orchestra of the Viennese Volksoper & Alfred Scholz","NOT_FOUND",-1,0.00,"N/A","2026-05-05 09:28:56"
"Orchestre de Paris","Orchestre de Paris",1,1.00,"/artist/0iERWmMl3nIvcDxnJsKZBd","2026-05-05 09:29:03"
"Orquesta Filarmónica de Gran Canaria","Orquesta Filarmónica de Gran Canaria",1,1.00,"/artist/18SImxY1TMmfrgVa867t7P","2026-05-05 09:29:13"
"OTE","OTE",3,1.00,"/artist/4iCd6CfaZlvgPGe3acqbmQ","2026-05-05 09:29:24"
"Paavo Järvi","Paavo Järvi",1,1.00,"/artist/3V9McxlPI0G2RmkU0DhYGO","2026-05-05 09:29:35"
"Panda Lux","Panda Lux",1,1.00,"/artist/6FMNWd8DNAxWETX8yxKQqu","2026-05-05 09:29:46"
"Pascal Obispo","Pascal Obispo",1,1.00,"/artist/6XPs6CAjfdxIFrVVUFRrAS","2026-05-05 09:29:58"
"Patachou","Patachou",1,1.00,"/artist/61nuSPfMgxFPT6wyFHOG0V","2026-05-05 09:30:09"
"Pati Yang","Pati Yang",1,1.00,"/artist/1pTD3KLJ4RRXTsvbHfPqRj","2026-05-05 09:30:22"
"Patrick Bruel","Patrick Bruel",1,1.00,"/artist/0vmrFTWCwK3gFGDzeUzeMg","2026-05-05 09:30:32"
"Patrick Doyle","Patrick Doyle",1,1.00,"/artist/1W42coQfIlt6btgqpfJWYQ","2026-05-05 09:30:43"
"Paul Kelly","Paul Kelly",1,1.00,"/artist/0SNWoGaDlrCompmg9rXeNq","2026-05-05 09:30:55"
"Pausé","Pausé",1,1.00,"/artist/3tMYkup1aLEGJ5rg00Op9t","2026-05-05 09:31:06"
"Perfume Genius","Perfume Genius",1,1.00,"/artist/2ueoLVCXQ948OfhVvAy3Nn","2026-05-05 09:31:16"
"Pet Owner","Pet Owner",1,1.00,"/artist/2MAWOCGirMzh0HfAuhDESM","2026-05-05 09:31:26"
"Peter Peter","Peter Peter",1,1.00,"/artist/52NQGJWKvdWMbKxThs2fNC","2026-05-05 09:31:38"
"PeterLicht","PeterLicht",1,1.00,"/artist/0vr6IcFPFgjLKLUNPDlWmS","2026-05-05 09:31:50"
"Petit Fantôme","Petit Fantôme",1,1.00,"/artist/3MUJ4wHF8z7MSoIfp1Tt1j","2026-05-05 09:32:00"
"Philippe B","Philippe B",1,1.00,"/artist/7FvBLeBeCiWR09phkPyyrf","2026-05-05 09:32:11"
"Pierre de Maere","Pierre de Maere",1,1.00,"/artist/13mm5rU1jvWfWG6uQ46ypd","2026-05-05 09:32:22"
"Pierre Garnier","Pierre Garnier",1,1.00,"/artist/07UyhXWf7aDbvCZKhTKCpr","2026-05-05 09:32:33"
"Pional","Pional",1,1.00,"/artist/49mZfy9v5oNXAxp8FadWwI","2026-05-05 09:32:43"
"Pixey","Pixey",1,1.00,"/artist/0Mwm5rtTYi44wClH4ZXjkI","2026-05-05 09:32:55"
"Polish State Philharmonic Orchestra, Katowice","Polish State Philharmonic Orchestra, Katowice",1,1.00,"/artist/3AmgKOYmjvhlK082pffm3S","2026-05-05 09:33:07"
"Poolside","Poolside",1,1.00,"/artist/5szdY7KaSi7epwyffrbV8c","2026-05-05 09:33:19"
"Portugal. The Man","Portugal. The Man",1,1.00,"/artist/4kI8Ie27vjvonwaB2ePh8T","2026-05-05 09:33:30"
"Prague Chamber Orchestra","Prague Chamber Orchestra",1,1.00,"/artist/7hrleJxjf4KJbeiQirb6BL","2026-05-05 09:33:41"
"Protassov","Protassov",1,1.00,"/artist/4qMSoir615wtgVxQn9fLZ2","2026-05-05 09:33:51"
"Péter Nagy","Péter Nagy",1,1.00,"/artist/4Hv8naKkLxWrfxkRMPz5bM","2026-05-05 09:34:02"
"Ra Ra Riot","Ra Ra Riot",1,1.00,"/artist/6FIrstf3kHEg3zBOyLpvxD","2026-05-05 09:34:13"
"RAMÓ","Ramón",24,0.89,"/artist/5r6ViSL3nacDRVBtnXlixL","2026-05-05 09:34:24"
"Ray Bull","Ray Bull",1,1.00,"/artist/3P4jnIuA9z5WsvkbsoqkTu","2026-05-05 09:34:36"
"RB Dance Company","RB Dance Company",1,1.00,"/artist/6iAexk6uOUakrkepcgyk9Z","2026-05-05 09:34:46"
"Red Hot Chili Peppers","Red Hot Chili Peppers",1,1.00,"/artist/0L8ExT028jH3ddEcZwqJJ5","2026-05-05 09:34:56"
"Remedies","Remedies",1,1.00,"/artist/3m2MxzwhWeA2FZiel5sURN","2026-05-05 09:35:06"
"Renaud Capuçon","Renaud Capuçon",1,1.00,"/artist/6ttz1LgWFVgRiNDOjtDb2L","2026-05-05 09:35:16"
"Rhye","Rhye",1,1.00,"/artist/2AcUPzkVWo81vumdzeLLRN","2026-05-05 09:35:27"
"RIAS-Symphonie-Orchester","RIAS-Symphonie-Orchester",1,1.00,"/artist/0NZ45pVCulww4G9z09oz4B","2026-05-05 09:35:37"
"Riccardo Chailly","Riccardo Chailly",1,1.00,"/artist/4Kjr1MPMUfuH3QKXtAljNy","2026-05-05 09:35:49"
"Richard Gotainer","Richard Gotainer",1,1.00,"/artist/5ogTAPKFGN5rgfLIN7m6zh","2026-05-05 09:36:00"
"Richard Strauss","Richard Strauss",1,1.00,"/artist/6pAwHPeExeUbMd5w7Iny6D","2026-05-05 09:36:12"
"Richy Mitch & The Coal Miners","Richy Mitch & The Coal Miners",1,1.00,"/artist/4qU7IJSReZnsLy5907Mtau","2026-05-05 09:36:22"
"Rio Romeo","Rio Romeo",1,1.00,"/artist/22y08IZx7u6SWpsfap1Cub","2026-05-05 09:36:34"
"Roberto Cacciapaglia","Roberto Cacciapaglia",1,1.00,"/artist/359LKbZWLk6u3IpyNE2CQG","2026-05-05 09:36:46"
"Robohands","Robohands",1,1.00,"/artist/5qRtt9DQNy64ig66kCWFjX","2026-05-05 09:36:56"
"Rogue Wave","Rogue Wave",1,1.00,"/artist/2JSc53B5cQ31m0xTB7JFpG","2026-05-05 09:37:06"
"Royal Concertgebouw Orchestra","Royal Concertgebouw Orchestra",1,1.00,"/artist/2HqNckz4bPVT37fWkhugTZ","2026-05-05 09:37:16"
"Royal Liverpool Philharmonic Orchestra","Royal Liverpool Philharmonic Orchestra",1,1.00,"/artist/6I6fmQU7HGrUsCm4B5Nlk3","2026-05-05 09:37:28"
"Royel Otis","Royel Otis",1,1.00,"/artist/5b5bt4mZQpJMoCRbiQ7diH","2026-05-05 09:37:38"
"Ruby Waters","Ruby Waters",1,1.00,"/artist/5ybU1P0ufoGH5CMclUKebd","2026-05-05 09:37:49"
"RVE","RVE",7,1.00,"/artist/4xXhVe5E4Vtd9qV47tQomY","2026-05-05 09:38:00"
"RÜFÜS DU SOL","RÜFÜS DU SOL",1,1.00,"/artist/5Pb27ujIyYb33zBqVysBkj","2026-05-05 09:38:12"
"Saavan","Saavan",1,1.00,"/artist/7HIN13S8A6wfupCwXRNv6U","2026-05-05 09:38:24"
"Saint DX","Saint DX",1,1.00,"/artist/4AHuSBzDte0ospEtW9rL18","2026-05-05 09:38:35"
"Saint Motel","Saint Motel",1,1.00,"/artist/1dWEYMPtNmvSVaDNLgB6NV","2026-05-05 09:38:46"
"Saint Saviour","Saint Saviour",1,1.00,"/artist/613dNRsij8cjgiIS6lqSIy","2026-05-05 09:38:56"
"Sam Amidon","Sam Amidon",1,1.00,"/artist/6TTJ0xLPPNDyv4bXyukzU4","2026-05-05 09:39:07"
"Sam Gellaitry","Sam Gellaitry",1,1.00,"/artist/07UJz804RJxqNvxFXC3h9H","2026-05-05 09:39:17"
"Samson","Samson",1,1.00,"/artist/77iNi69gKE9UE8S8XobyOO","2026-05-05 09:39:29"
"Samuel Barber","Samuel Barber",1,1.00,"/artist/4XDJurjQCnWLlE7KLZCT9x","2026-05-05 09:39:40"
"Satellite Lovers","Satellite Lovers",1,1.00,"/artist/6rPCGt1PlG8UsBvQFjqshc","2026-05-05 09:39:52"
"SAVANAH","SAVANAH",1,1.00,"/artist/6aUqiHjCzli8kjq6vb2VdD","2026-05-05 09:40:04"
"Saycet","Saycet",1,1.00,"/artist/0AKlaf8M1k8NjJp1uCOlTA","2026-05-05 09:40:15"
"Scanners","Scanners",1,1.00,"/artist/0PVEuLOb9xt4FX5icv2wm6","2026-05-05 09:40:26"
"Schérazade","Schérazade",1,1.00,"/artist/3ma9rtafrCvASmUy7WHsUh","2026-05-05 09:40:36"
"Sean Solomon","Sean Solomon",1,1.00,"/artist/2rIEFpPW3NjFRA6llfnOq3","2026-05-05 09:40:48"
"Seattle Symphony Orchestra","Seattle Symphony Orchestra",1,1.00,"/artist/5KeUHRKEYWc5cFO5V032sb","2026-05-05 09:41:01"
"Selah Sue","Selah Sue",1,1.00,"/artist/5Oc4knEQaid8K7AFqO5lHu","2026-05-05 09:41:14"
"She & Him","She & Him",1,1.00,"/artist/3CIRif6ZAedT7kZSPvj2A4","2026-05-05 09:41:24"
"Shida Shahabi","Shida Shahabi",1,1.00,"/artist/72kYzyvgJS9izgSp2ttqdm","2026-05-05 09:41:34"
"Shiro SAGISU","Shiro SAGISU",1,1.00,"/artist/5k3NfhEeZHpouIGDpjKOPo","2026-05-05 09:41:45"
"Sir Chloe","Sir Chloe",1,1.00,"/artist/6rniTPs9zN26kYnkPdFl1U","2026-05-05 09:41:56"
"Slow Meadow","Slow Meadow",1,1.00,"/artist/1X93CiijNCFQa4o17hLwI3","2026-05-05 09:42:06"
"Slowdive","Slowdive",1,1.00,"/artist/72X6FHxaShda0XeQw3vbeF","2026-05-05 09:42:16"
"Slumbernaut","Slumbernaut",1,1.00,"/artist/4Z4SX46wN0h6BL8geY82nt","2026-05-05 09:42:29"
"Sneaker Pimps","Sneaker Pimps",1,1.00,"/artist/1EJWNhiYbOyeUHbsS7Kp1P","2026-05-05 09:42:40"
"Soan","Soan",1,1.00,"/artist/4Bxixr2SfkADo7S4aZXgCw","2026-05-05 09:42:50"
"SOHN","SOHN",1,1.00,"/artist/6XZYAWJLL8UIbxAqjKj3cg","2026-05-05 09:43:01"
"Sohodolls","Sohodolls",1,1.00,"/artist/1KNXft7nnRQj82sENi7WGN","2026-05-05 09:43:11"
"sombr","sombr",1,1.00,"/artist/4G9NDjRyZFDlJKMRL8hx3S","2026-05-05 09:43:21"
"SOMOH","SOMOH",1,1.00,"/artist/6uwvfnsp74AHafIT1vxAG3","2026-05-05 09:43:33"
"Soom T","Soom T",1,1.00,"/artist/0Rb6PZXrcxvzixAwZwFmMu","2026-05-05 09:43:44"
"Sophie Alour","Sophie Alour",1,1.00,"/artist/0a0itmMDe3aXvoIGirdUHT","2026-05-05 09:43:54"
"Sophie Hutchings","Sophie Hutchings",1,1.00,"/artist/54MsweggxTxlfYUbhZNIQ0","2026-05-05 09:44:05"
"Sophie Lindinger","Sophie Lindinger",1,1.00,"/artist/3b3qQWQgIMIyHcYSMY4P3g","2026-05-05 09:44:15"
"Sorcha Richardson","Sorcha Richardson",1,1.00,"/artist/04Zh21lNHZb2MCCcRcN2pc","2026-05-05 09:44:27"
"Stars","Stars",5,1.00,"/artist/2EO56JK4txid1Pss9GVbOL","2026-05-05 09:44:39"
"Stef Kamil Carlens","Stef Kamil Carlens",1,1.00,"/artist/24kTvo8lHSDftXC7DnxBqu","2026-05-05 09:44:49"
"Stefano Guzzetti","Stefano Guzzetti",1,1.00,"/artist/1uuPxAWIGGI6a6DhMj8qjr","2026-05-05 09:45:01"
"Steiner & Madlaina","Steiner & Madlaina",1,1.00,"/artist/5iy4msOEj4qHNlrxUansvg","2026-05-05 09:45:13"
"Steve Gunn","Steve Gunn",1,1.00,"/artist/7uLXW75DlTRahz2WKJZGeO","2026-05-05 09:45:23"
"Steve Jablonsky","Steve Jablonsky",1,1.00,"/artist/5Il8YjuVAWkWNH2xgjFMpF","2026-05-05 09:45:37"
"Steve Lacy","Steve Lacy",1,1.00,"/artist/57vWImR43h4CaDao012Ofp","2026-05-05 09:45:49"
"Steve Shehan","Steve Shehan",1,1.00,"/artist/05PlAw7yiRsiMr17yJpTCi","2026-05-05 09:46:02"
"Styleto","Styleto",1,1.00,"/artist/4vbZKiwmvbbW6onily9SJ5","2026-05-05 09:46:16"
"Stéphane","Stéphane",1,1.00,"/artist/1ONaDILNtXKICFlrBdmgif","2026-05-05 09:46:27"
"Stéphane Pompougnac","Stéphane Pompougnac",1,1.00,"/artist/5Bn3WjTUxq9ZN3YrXE3QMt","2026-05-05 09:46:38"
"Susannah Joffe","Susannah Joffe",1,1.00,"/artist/3JGxLjd5coSPknSlbYyNLw","2026-05-05 09:46:51"
"Susanoô","Susanoô",1,1.00,"/artist/3IPF34odrFxmKBZUciuUyE","2026-05-05 09:47:02"
"SX","sx8",4,0.80,"/artist/7B04K3HOSz1HR3hgTnQ0Dg","2026-05-05 09:47:14"
"Syd Taylor","Syd Taylor",1,1.00,"/artist/3dZ1fTizrmY5jfkf0jrvav","2026-05-05 09:47:24"
"Sylvain Chauveau","Sylvain Chauveau",1,1.00,"/artist/0IfkFoyLbsgahVvNfPnV2y","2026-05-05 09:47:35"
"Sylvain Duthu","Sylvain Duthu",1,1.00,"/artist/7mlvN5fTEjTUBLuUbUPpW6","2026-05-05 09:47:48"
"Tango in Vilnius","Tango in Vilnius",1,1.00,"/artist/6WIPJoOiqLnvaMzP6EBVpc","2026-05-05 09:48:01"
"Tasmin Little","Tasmin Little",1,1.00,"/artist/0yB2SgzCCYb9uhjd4BG4pP","2026-05-05 09:48:14"
"Tessa B.","Tessa B.",1,1.00,"/artist/2zHuN04qyNnz890Y2R0Nkr","2026-05-05 09:48:25"
"The Animals","The Animals",1,1.00,"/artist/3ICflSq6ZgYAIrm2CTkfVP","2026-05-05 09:48:39"
"The Barr Brothers","The Barr Brothers",1,1.00,"/artist/4OyRutd80DZC22C4pl63l7","2026-05-05 09:48:51"
"The Be Good Tanyas","The Be Good Tanyas",1,1.00,"/artist/37PywjKNsxHji5F9eFODF2","2026-05-05 09:49:04"
"The Beta Band","The Beta Band",1,1.00,"/artist/2LMR8u7DOMF0FBseDpTsRa","2026-05-05 09:49:17"
"The Bewitched Hands","The Bewitched Hands",1,1.00,"/artist/2O53O6Z5QJV0qlel1wRto4","2026-05-05 09:49:29"
"The Cabriolets","The Cabriolets",1,1.00,"/artist/0uc6jtXYDI9iPAxv817ggK","2026-05-05 09:49:42"
"The Cancel","The Cancel",1,1.00,"/artist/2C62QiJ3Rme5no5evMD1hH","2026-05-05 09:49:55"
"The Cardigans","The Cardigans",1,1.00,"/artist/1tqZaCwM57UFKjWoYwMLrw","2026-05-05 09:50:08"
"The Crane Wives","The Crane Wives",1,1.00,"/artist/5U6leWxYKsuTkd4kXcF1a6","2026-05-05 09:50:18"
"The Funky Lowlives","The Funky Lowlives",1,1.00,"/artist/7KgHB4V6erxqhpn1IJtVnH","2026-05-05 09:50:31"
"the Garifuna Collective","the Garifuna Collective",1,1.00,"/artist/24OmLPZEq6dYiGJbPCAFVm","2026-05-05 09:50:46"
"The Karminsky Experience Inc.","The Karminsky Experience Inc.",1,1.00,"/artist/5wQ8NSf1LdoOp1AVgSq0Jz","2026-05-05 09:51:00"
"The Kills","The Kills",1,1.00,"/artist/5BYuBzqmTXwUDw2rYkwExr","2026-05-05 09:51:12"
"The Kooks","The Kooks",1,1.00,"/artist/1GLtl8uqKmnyCWxHmw9tL4","2026-05-05 09:51:24"
"The Limp Twins","The Limp Twins",1,1.00,"/artist/1obN0tdFHKgmB2QyiM9Gqa","2026-05-05 09:51:37"
"The Maccabees","The Maccabees",1,1.00,"/artist/0vW8z9pZMGCcRtGPGtyqiB","2026-05-05 09:51:51"
"The Mighty Bop","The Mighty Bop",1,1.00,"/artist/3QJR3Dzq3qUDl40cV3XsTl","2026-05-05 09:52:06"
"The Rolling Stones","The Rolling Stones",1,1.00,"/artist/22bE4uQ6baNwSHPVcDxLCe","2026-05-05 09:52:17"
"The Something Specials","The Something Specials",1,1.00,"/artist/08AQp4Hb2peUdIgr3ZWfni","2026-05-05 09:52:31"
"The Soul Surfers","The Soul Surfers",1,1.00,"/artist/1UST9Gt4W7PFIPrBuxTMP8","2026-05-05 09:52:43"
"The Spyrals","The Spyrals",1,1.00,"/artist/1jCVSnyE6YOGqiKJXVRj6q","2026-05-05 09:52:57"
"The Taxpayers","The Taxpayers",1,1.00,"/artist/1QNEVFk8MjculKl5977kfy","2026-05-05 09:53:09"
"The Weather Station","The Weather Station",1,1.00,"/artist/39ZEMGRv3pIYTYKEhr4Abu","2026-05-05 09:53:23"
"The xx","The xx",1,1.00,"/artist/3iOvXCl6edW5Um0fXEBRXy","2026-05-05 09:53:36"
"TheFrenchKris","TheFrenchKris",1,1.00,"/artist/3mMx6lCCOvQZheRBZ3CTQs","2026-05-05 09:53:58"
"Theodore Shapiro","Theodore Shapiro",1,1.00,"/artist/6N1Kaz3CvRa9VLll5ahk9T","2026-05-05 09:54:11"
"Thibaut","Thibaut",1,1.00,"/artist/2vcxHSysVXO82YLuahM9pF","2026-05-05 09:54:23"
"Théodore","Theodore",15,0.88,"/artist/6h2gJ4ySc3k099VZDpCIIg","2026-05-05 09:54:35"
"tictoven","tictoven",1,1.00,"/artist/3sSDOkQRJARcRCGS0Pa5o1","2026-05-05 09:54:46"
"Tiki Taka","Tiki Taka",2,1.00,"/artist/3luhzXDfGBkK1Ocg0WaNuC","2026-05-05 09:54:58"
"Tilda Swinton","Tilda Swinton",1,1.00,"/artist/6MIvzbV3vHoilc0qKVKMrX","2026-05-05 09:55:10"
"Tingvall Trio","Tingvall Trio",1,1.00,"/artist/65mwyp96M7Yx78x8XVz39M","2026-05-05 09:55:23"
"Tiphanie Doucet","Tiphanie Doucet",1,1.00,"/artist/6rCk8m61LjZV3Pju7vl9Ou","2026-05-05 09:55:37"
"Tomberlin","Tomberlin",1,1.00,"/artist/0jzaoSt5gOC04OWBqN78VS","2026-05-05 09:55:49"
"TOTO","TOTO",1,1.00,"/artist/0PFtn5NtBbbUNbU9EAmIWF","2026-05-05 09:56:00"
"Transportna","Transportna",1,1.00,"/artist/7KC5gXYlsrymeAIltJ9Okq","2026-05-05 09:56:23"
"Tutankhamun","Tutankhamun",1,1.00,"/artist/6iqqrYdwxJzmxSz9ZJ72CH","2026-05-05 09:56:34"
"TV On The Radio","TV On The Radio",1,1.00,"/artist/3HJIB8sYPyxrFGuwvKXSLR","2026-05-05 09:56:47"
"Téléphone","Téléphone",1,1.00,"/artist/3fQq9bb2ZKNv24V1A4vwBK","2026-05-05 09:56:59"
"Un air deux familles","Un air deux familles",1,1.00,"/artist/7t93Cn6i5DqJkZzdpJPQNc","2026-05-05 09:57:11"
"Ursula 1000","Ursula 1000",1,1.00,"/artist/02AgDpYGR3r3u3mvlApNqT","2026-05-05 09:57:23"
"UssaR","UssaR",1,1.00,"/artist/4gXudTKsfn8dfrGm9ENfjX","2026-05-05 09:57:37"
"Velour","Velour",2,1.00,"/artist/2gnFFtzPgBpwBepDNSPZO7","2026-05-05 09:57:49"
"Veridis Project","Veridis Project",1,1.00,"/artist/1JcJ1nR9qZhx2GCX0MM8Up","2026-05-05 09:58:01"
"Vermeil","Vermeil",1,1.00,"/artist/5lWOvRNwdFnwUh8G6rVvMT","2026-05-05 09:58:13"
"Vetle Lyckander","Vetle Lyckander",1,1.00,"/artist/2EuEUNYA580CPopM8aeFm9","2026-05-05 09:58:27"
"Vic Chesnutt","Vic Chesnutt",1,1.00,"/artist/7EFfGZiKL1Ud3cspnlMq4H","2026-05-05 09:58:39"
"vimala","vimala",10,1.00,"/artist/5gqO6ZMQru60XC16ztUrRx","2026-05-05 09:58:53"
"Vincent Segal","Vincent Segal",1,1.00,"/artist/1DM0tMCA5GRAgG3qLCy67F","2026-05-05 09:59:05"
"Vitaa","Vitaa",1,1.00,"/artist/0Ntl0oWMPWfBOoi9Qcr9ht","2026-05-05 09:59:16"
"Vital Varkovic","Vital Varkovic",1,1.00,"/artist/4oO6q1HB9T13i14TfU5SV2","2026-05-05 09:59:28"
"Viviane Audet","Viviane Audet",1,1.00,"/artist/71GvXWXg9NgdanmMg9XWHo","2026-05-05 09:59:42"
"Vlad Holiday","Vlad Holiday",1,1.00,"/artist/4kzBapiIVMxwhJLsTm28Gc","2026-05-05 09:59:54"
"Vladimir Ashkenazy","Vladimir Ashkenazy",1,1.00,"/artist/20iZXzMb8LoWXOeca32i82","2026-05-05 10:00:07"
"Vladimir Horowitz","Vladimir Horowitz",1,1.00,"/artist/4Ws5hSoABAwvGJ4LhHwHgq","2026-05-05 10:00:20"
"Víkingur Ólafsson","Víkingur Ólafsson",1,1.00,"/artist/0iqgjl0OG3z53PZVIB7ZyD","2026-05-05 10:00:32"
"Waves","WAVES",1,1.00,"/artist/6p32HfiKpYD3wdKHV7utxQ","2026-05-05 10:00:45"
"Westerman","Westerman",1,1.00,"/artist/09s6bLEw45wioK9ytf3nsA","2026-05-05 10:00:58"
"WILLIS","WILLIS",1,1.00,"/artist/3OykSjAE6F2Mb51WplFoRk","2026-05-05 10:01:12"
"Winston McAnuff & Fixi","Winston McAnuff & Fixi",1,1.00,"/artist/2FEcwehVVyjqMws28LwIhA","2026-05-05 10:01:23"
"Winter Aid","Winter Aid",1,1.00,"/artist/15S89CUJtshT2P7WIa2M5l","2026-05-05 10:01:39"
"Wooden Shjips","Wooden Shjips",1,1.00,"/artist/35rFgnhlSSYflP4HpC3JM0","2026-05-05 10:01:52"
"Worries And Other Plants","Worries And Other Plants",1,1.00,"/artist/4OSvbuo6zLLwKdf0Rp9nRc","2026-05-05 10:02:06"
"Yazmin Lacey","Yazmin Lacey",1,1.00,"/artist/2datC2OML2YxykP6vnDRmg","2026-05-05 10:02:18"
"Yeah Yeah Yeahs","Yeah Yeah Yeahs",1,1.00,"/artist/3TNt4aUIxgfy9aoaft5Jj2","2026-05-05 10:02:31"
"Yin Yin","Yin Yin",1,1.00,"/artist/2sLMYvxNmHIYNx6re1WUM2","2026-05-05 10:02:42"
"Yonathan Avishai","Yonathan Avishai",1,1.00,"/artist/71Ek3rVXvYuvaRamNMs5k7","2026-05-05 10:02:56"
"Yonderboi","Yonderboi",1,1.00,"/artist/4hi7BCJEn3xCR3VRZU1Ek7","2026-05-05 10:03:08"
"YOU!","YOU!",1,1.00,"/artist/0H3fz547J8P4MzvTSe3hmD","2026-05-05 10:03:21"
"Yuja Wang","Yuja Wang",1,1.00,"/artist/7HUNjWo242UAVHZvj9zk4w","2026-05-05 10:03:34"
"Yumi And The Weather","Yumi And The Weather",1,1.00,"/artist/23HlNyyzzIg06ROx6tBsIS","2026-05-05 10:03:46"
"Yumi Zouma","Yumi Zouma",1,1.00,"/artist/4tPyCwWrsvZ8OKYl7QRavL","2026-05-05 10:03:59"
"Zaoui","Zaoui",1,1.00,"/artist/5nrmuhl0AXvSLeoZgB3Tmr","2026-05-05 10:04:21"
"Zimmer","Zimmer",3,1.00,"/artist/2pts5B2shsEtIVC4onTFKb","2026-05-05 10:04:34"
"Zimpala","Zimpala",1,1.00,"/artist/5GnzMoOSa3jHJmTSA8ujze","2026-05-05 10:04:48"
"Zoë Më","Zoë Më",1,1.00,"/artist/1ceXjlrYcTS2i4ShwhjjcN","2026-05-05 10:05:01"
"Zubin Mehta","Zubin Mehta",1,1.00,"/artist/3FEd0qHPFOgcpfw7bCXB4x","2026-05-05 10:05:14"
"Ève","Ève",1,1.00,"/artist/09X1kbjR9O2Cb3gdPvpgKG","2026-05-05 10:05:26"
"Étienne Coppée","Étienne Coppée",1,1.00,"/artist/5q1Yjaan0oCtdJsZ9pTtjp","2026-05-05 10:05:38"
"岡部啓一","岡部啓一",1,1.00,"/artist/0y0nI8lwDB2HRUPwDQuuiu","2026-05-05 10:05:51"
"･ ･－･ ･－ ･･･ ･ －･･","･ ･－･ ･－ ･･･ ･ －･･",1,1.00,"/artist/0EUOiLsLpv9g7H9YCzUnBS","2026-05-05 10:06:05"
