recuperer,Artist,Album
ok,lost in paradise,come along single
ok,david lemaitre,latitude
ok,amadou mariam,sabali
ok,les ombres,ederlezi x four a compilation of goran bregovic compositions
ok,david lang,just single
ok,mayssa karaa,american hustle
ok,equal,lost in the evening
ok,sammy davis jr,the best of sammy davis jr original reprise recordings
ok,tommy james the shondells,battle of the sexes
ok,the stephane wrembel trio with david grisman,gypsy rumble
ok,samurai japon,samurai japon
A vérif,the city of prague philharmonic orchestra,100 greatest film themes
A vérif,the rosenberg trio,django
ok,tones and i,dance monkey dance monkey
A vérif,the bryan ferry orchestra,babylon berlin
ok,virgil howe,someday
ok,matthias pothier,kuona
A vérif,shortparis,leto
ok,jean claude vannier,gainsbourg london paris 1963 1971
ok,signal,philip glass glassworks live at poisson rouge
ok,delv s,brother
ok,carte contact,jeune femme
A DL,dom salter,maybe
?,joywave,how do you feel now
?,jimi jules,hello asshole kafi lied
?,peter power,kr family pt 1
?,the crooked spoke,catchpenny cosmos
?,miki matsubara,miki matsubara best collection
no,video game players,40 classic video game songs
ok,sevinc tevs,muzik selmi andak o sarkiyi henuz yazmadim
compil,regine dobberschutz,die pop songs
compil,rosinha de valencia,brazilian beats 2
no,tokyo brass style,brasta party explosion
soundcloud,hola hola,el girasol
ok,kinderserien,kinderserien titellieder
ok,nicholas britell,don t look up
ok,beulahbelle,tully
 - ,dole kom,this is our night
 - ,giuseppe verdi,verdi aida
 - ,soundtrack studio band,greatest movie dance scenes
 - ,vince la petite culotte,la goffa lolita
 - ,jean constantin,jules et jim
 - ,unitopia,covered mirror vol 1
A DL,justine the victorian punks,peter gordon love of life orchestra
ok,lucilla galeazzi,la tarantella antidotum tarantulae
ok,marc collin,le choc du futur
ok,wngd ` mph`sch eb l,the impossible rwmh t vol 2
ok,i camillas,le politiche del prato
ok,ireke,petit a petit
ok,aiden ayers,some kinda harm
ok,sylvester,step ii
ok,quintus project,night flight
ok,mikado,mikado forever
ok,aurora,the gods we can touch
ok,laurent aknin,l etudiante et monsieur henri
ok,matteo,matteo bro
ok,black sabbath,master of reality
ok,the notwist,vertigo dubs vol 2 elijah minnelli
ok,vincent delerm,seize printemps
ok,the chas mcdevitt skiffle group,lonnie donegan the original hits of the skiffle explosion
ok,cassandra violet,beyond the fray
ok,altin gun,ordunun dereleri b w bir of ceksem
ok,au suisse,au suisse
ok,motel club,motel club
ok,alex mcartor,oxygen thief
ok,curtis greenhill,timeless love
ok,novanine,novanine
no,les marins de ti breizh,chants de bretagne de mer et de marins les meilleures chansons vol 2
no,lippset robinet,so nice
no,lalalar,bi cinnete bakar
ok,michael cera,juno
ok,ahmed malek,musique originale de films
no,monty cotton,live at the songroom s02e09
ok,blick bassy,madiba
ok,hozier,wasteland baby
?,ramin djawadi,westworld season 2
ok,james vincent mcmorrow,i should go
ok,jeremy dutcher,motewolonuwok
ok,tempesst,must be a dream
youtube,yatao,visions of gideon
ok,tony canto,moltiplicato
ok,bacao rhythm steel band,55
ok,arstidir,blik
ok,stefi celma,en oblique
ok,skinny pelembe,who by fire
ok,unloved,strange effect
ok,the das,freezer
?,hello world choir,shagara
ok,morse,driven by clouds
ok,lucie antunes,carnaval
ok,david walters,nocturne remixes
ok,james bks,wolves of africa
ok,again again,hours
ok,crimi,luci e guai
ok,charlotte adigery,topical dancer
ok,rose rose,sugar hill
ok,kavita shah,cape verdean blues
ok,loverman,lovesongs
ok,suzanna son,bye bye bye
?,ameli paul,echoes of memoria
youtube,toun e,somehow
ok,les mamans du congo,ya mizole
ok,mine,baum
?,royalingo,destination sky
ok,ilysam,sweet rally
ok,alma may,soledad canyon
ok,cfcf,you can live forever
ok,par wiksten,vi lever tills vi dor
ok,christina perri,head or heart
ok,pond,the weather
ok,pond,man it feels like space again
ok,raoul vignal,years in marble
ok,machito,kenya
ok,helena deland,goodnight summerland
ok,hen yanni,where do we go
ok,juno francis,fading memories
ok,hubbabubbaklubb,drommen drommerne drommer
ok,arat kilo,visions of selam
ok,calma carmona,where did you go
ok,tin fingers,no hero
ok,odd beholder,lighting
ok,eleanor friedberger,rebound
ok,quilt,plaza
ok,hercules love affair,in amber
ok,jaakko eino kalevi,never forget my baby
ok,elephant stone,elephant stone
ok,fm laeti,for the music
ok,ed harcourt,furnaces
A DL,comett,the ghost inside me
?,coopers,heavenly sweetness sampler 3
ok,aze,hotline aze
ok,the everettes,soul steps
ok,karate boogaloo,look around little bit
ok,astral bakers,the whole story
ok,jack spencer,trillion love
ok,claire days,emotional territory
ok,bambee,on ice
ok,tsundere twintails,cute circus
ok,ecran total,melodie fiction
ok,death machine,cocoon
ok,matt holubowski,weird ones
ok,karuan,vienna scientists v the 10th anniversary
ok,frazey ford,indian ocean
ok,katzroar,invocation
ok,billie bird,sans contrefacon
ok,finn andrews,one piece at a time
ok,scout niblett,it s up to emma
ok,wolf larsen,quiet at the kitchen door
ok,honeyfeet,orange whip
ok,golden parazyth,safe
ok,reave,get to know me
ok,leifur james,a louder silence
ok,billy idol,rebel yell
ok,daniela pes,musicultura festival della canzone popolare e d autore xxix edizione
ok,p tit belliveau,un homme et son piano
?,parango,attention ma cherie
ok,saigon soul revival,moi luong duyen
ok,donkey kid,deep blue
ok,l aupaire,rollercoaster girl
ok,dj blyatman,vodka no limit
ok,island,girl
no,adore,did i tell u that i miss u
?,nickodemus,a long engagement
ok,panta rhei,panta rhei
ok,regine dobberschutz,die 100 besten ostsongs
no,bodo wartke,zungenbrecher 4 0 das album
?,babla,ritual chants
ok,the holydrug couple,moonlust
ok,jelly crystal,now awake
ok,mr day,get your point over
ok,radio citizen,berlin serengeti
ok,gustave rudman,river
youtube,guilt,state of denialism
ok,dj poolboi,stay just a little while longer
no,sleepy hallow,boy meets world
ok,borrtex,courage
ok,courrier sud,out of love
ok,soft cell,non stop erotic cabaret
ok,jennah bell,candied daylight
ok,daouda,c est pas ma faute
ok,altin gun,on
ok,kid simius,the wagner brothers
ok,harry belafonte,jump up calypso
ok,condry ziqubu,gumba fire bubblegum soul synth boogie in 1980s south africa
ok,eko,pop makossa
ok,easter,the softest hard
ok,nell smith,where the viaduct looms
ok,genevva,late bloomer
ok,magazine 60,magazine 60 best of
ok,condry ziqubu,best of condry
ok,the rabbitts,the weight of the water above me
ok,sly5thave,bitch don t kill my vibe get free
ok,discohen,popular positions
ok,gianmaria testa,prezioso
ok,odd beholder,sunny bay
ok,zola blood,black blossom
ok,reymour,noland
ok,muzi,umuzi
ok,gus black,today is not the day
ok,ewert and the two dragons,good man down
ok,pina palau,get a dog
ok,ko shin moon,miniature i
ok,ivy falls,sense nonsense
ok,alligator,torrents
ok,capinera,il volo
ok,claude perraudin,voices monday s singers
ok,nice guys,nice guys love you
ok,the saxophones,songs of the saxophones
ok,charles schillings,like a radio
ok,terranova,hotel amour
ok,sodl,sheepman
ok,vaudou game,kidayu
ok,altin gun,goca dunya
ok,misun,superstitions
ok,jabberwocky,lunar lane
ok,mezerg,blue pink jam
ok,charles watson,now that i m a river
ok,turfu,petite fleur
ok,easy easy,schadel
ok,eddie the wheel,southern minimalist futurist ridiculous
ok,the bas lexter ensample,tres greatful amigos
ok,dramas,dramas
ok,rahj mason,love comes back again
ok,ll burns,get me back in the game
ok,vive la fete,10 ans de fete
ok,emmanuel santarromana,metropolitain
ok,sofa,looking for satellite
ok,the fratellis,we need medicine
ok,way dynamic,duck
ok,bloodhound gang,hooray for boobies
ok,lonely guest,lonely guest
ok,jiska,socially awkward
ok,pepe deluxe,beatitude
ok,islandman,kara toprak
ok,gregory rogove,given
ok,husky,stardust blues
ok,lmzg,zoo logic
ok,atom smith,cookie monster
ok,vincent liben,animale
ok,dead gowns,it s summer i love you and i m surrounded by snow
ok,lmzg,bada boom boom swing
ok,lmzg,i am anachronic
ok,frankel,anonymity is the new fame
ok,black books,can t even
ok,handsome furs,plague park
ok,mozes and the firstborn,mozes and the firstborn
ok,torres,sprinter
ok,the bamboos,rawville
ok,bird streets,lagoon
ok,the rabbitts,blue echo
ok,feeling blew,sweet disposition
ok,black box recorder,england made me
ok,adel fugazi,les pates
ok,les freres jacques,la confiture
ok,emerson,trilogy
ok,natalie bergman,gunslinger
ok,schramm,i died when you asked me to go out
ok,adrian quesada,primos
ok,agatha is dead,begs me to dance
ok,abby sage,backwards directions
ok,rio kosta,ancients it s starting
ok,camille yembe,coups de soleil
ok,bleu soleil,confluence
ok,manarem,red blue
ok,catbear,into the light
ok,madelline,dopamine
ok,platon karataev,atoms
ok,frederic lo,coeur sacre un hommage de frederic lo a daniel darc
ok,haelos,hold on
ok,the space lady,major tom radar love
ok,a savage,thawing dawn
ok,cage,i forgot how it felt
ok,oslo twins,i wake up slowly
ok,andi fins,cooking puzzling working
ok,kriill,listen to the whale
ok,amor perdido,estrellas dentro
ok,torii wolf,flow riiot
ok,vandalisbin,white girls
ok,steaming satellites,andromeda
ok,slide,into happiness
?,lmzg,reveries jpg
ok,solann,si on sombre ce sera beau
ok,myxa,mosca Ying
ok,dr nelle karajlic,chat noir chat blanc
ok,peter dallas,amber eyes
ok,renato borghetti,gaita ponto
ok,marion sobo band,esprit manouche
no,bad actor,around we go
ok,romy,ich schieb dich weg von mir
ok,anais,desolee
ok,johnny delaware,para llevar
ok,seephar,ether
ok,ingrid witt,if i had a tail
ok,christian basso,la musica cura
ok,frigga,do you really wanna be in love
ok,honey gentry,aphrodite
ok,genevva,now that you re gone
ok,aurora,all my demons greeting me as a friend
ok,sprints,a modern job
ok,sprints,letter to self
ok,vincent delerm,la fresque
no,yohai,be mine
ok,edel,en arriere
ok,marguerite,les filles les meufs
ok,aukai,slow sun
ok,shirley ann lee,songs of light
ok,bratty,delusion
ok,maria cristina plata,despues de todo compilado latinoamericano
no,dissy,morgen werde ich mich dafur hassen
ok,wanda jackson,the capitol singles 1962 1963
ok,hollow ship,future remains
ok,billo s caracas boys,por las buenas
ok,world news,the tinman
ok,aude fy,j entends tout
ok,rachel kitchlew,mammone
ok,magic box,carillon
ok,amon tobin,foley room
ok,kublaii,dynamite
ok,avi kaplan,peace somehow
ok,day we ran,foaming
ok,fomies,liminality
ok,blowsom,les passantes
ok,amiina,vofa
ok,a blomqvist,escapism
ok,tigerhorse,tigerhorse
ok,mel d,we win
ok,wet leg,wet leg
ok,billy otto,like the rain
ok,rodolfo y su tipica ra7,cumbia cumbia 1 2
ok,thelma,tu preferes rebeka warrior
ok,bon enfant,diorama
ok,shana cleveland,manzanita
ok,anakronic electro orkestra,noise in sepher
ok,steel alive,connecting please wait
ok,la dinamitaaa,ay ay ay
ok,oh voyage,you me and her
ok,adrien gallo,sarah sahara
ok,luca sestak,lighter notes
ok,folly tree,remedies
ok,new constellations,hot blooded
ok,don t kill the cow,souvenirs de lendemain
ok,rawling,rosa
ok,sunday,sun glitter and other reflections
ok,slove,le fly
ok,manu chao,viva tu
ok,art x,cocoon
ok,la cafetera roja,refugi tape
ok,doombird,past lives
no,the ktna,mbd
no,french fuse,tava aqui
ok,cate le bon,mug museum
ok,jordan robinson,tall tales
ok,shearwater,jet plane and oxbow
no,maria violenza,tendres tenebres
ok,future holograms,future holograms
ok,the walking who,lewiside
no,alok,deep down
ok,armando trovajoli,la matriarca the libertine
ok,mareux,the perfect girl
no,lee jones,how i feel
ok,opale,l incandescent
ok,weval,weval
ok,gui boratto,chromophobia
ok,vanessa van ness,true true shot
ok,suzan kocher s suprafon,in these dying times
ok,vanessa van ness,s s a rake
ok,kerala dust,bell
achat,turquoise yachting club,overnight
ok,sandhouse,circus
ok,jorja smith,the way i love you
ok,jorja smith,lost found
no,cheap wedding,fill that void
ok,reeperbahn festival collide,collide session 2 nation of language
ok,shit robot,from the cradle to the rave
ok,aime simone,say yes say no
ok,liou,some people
ok,jessie reid,other hand
ok,the pines,dark so gold
ok,pina palau,illusion
ok,mel d,bring the witches back
ok,long tall jefferson,everything lost in space
ok,flora fishbach,des betises
ok,asfar shamsi,le dilemme du herisson
ok,marie jay,sparadrap
A DL,comett,why good hearts never win
ok,dan san,shelter
ok,the innocence mission,small planes
ok,therapie taxi,rupture 2 merde
ok,astral bakers,cherry coloured funk
ok,a touch of class,planet pop
ok,reymour,sarabande a deux
ok,tonton david,allez leur dire
ok,death machine,death machine
ok,death machine,dawning eyes
ok,elinborg,sjorok
ok,meryem aboulouafa,horses
ok,fatbabs,daily jam
ok,raoul vignal,the silver veil
ok,richard dorfmeister,valldemossa
ok,orions belte,villa amorini
ok,the new pornographers,challengers
ok,yo la tengo,and then nothing turned itself inside out
ok,giselle,they stay down deep
ok,ouska,expressions
ok,bobbi lu,arrow four
ok,fran palermo,fran palermo
ok,mokado,marius
ok,nelson can,ep3
ok,keshavara,omzerzura
no,no sex last night,cours dans la foret
ok,rumpistol,nebula
ok,gian piero reverberi,scaramucce
ok,asgeir,in the silence
ok,ostyn,secretary
ok,black atlass,young bloods
ok,haute,holdin me back
ok,two bunnies in love,duchesse
ok,apes horses,bleu nuit
ok,minor victories,a hundred ropes
ok,la maison tellier,beaute pour tous
ok,teme tan,amethys
ok,declan mckenna,stains
ok,lescop,lescop
ok,her,quite like single
ok,perez,les vacances continuent
ok,agar agar,prettiest virgin
ok,minor victories,scattered ashes
ok,viola beach,swings waterslides
ok,poldoore,street bangerz volume 6 playhouse
ok,julian casablancas,live from electric lady studios wrxp new york
ok,mana,donde jugaran los ninos
ok,rodrigo y gabriela,weird fishes arpeggi
ok,lateef the chief,maroons ambush
ok,doctor rockit,the unnecessary history of dr rockit
ok,lianne la havas,bittersweet
ok,la lupe,nostalgias
ok,manfred krug,das war nur ein moment ein hauch von fruhling
ok,alexia gredy,l habitude2
ok,tom player,hand made
ok,sam quealy,follow the night
ok,yassin keetan,origins
ok,juniore,juniore
ok,madou,madou madouce
ok,daughter,smother
ok,rone,brest
ok,laake,volt
ok,pedro meirelles,immersi
ok,wes parker,splinter
ok,gabriella ferri,remedios
ok,still corners,summer nights
ok,jackie,my best years
ok,clio,80 s dance story original italo hits
ok,say hi,endless wonder
ok,kwoon,odyssey
ok,kids return,rails of the night
ok,the shins,wincing the night away
ok,last train,the big picture
ok,scarlett rose,is it wrong
ok,queens of the stone age,songs for the deaf
ok,kukunari,haunted
ok,electric guest,mondo
ok,balthazar,losers
ok,emir kusturica the no smoking orchestra,life is a miracle
no,the deep dark woods,yarrow
ok,gippeul,social cred
no,tkz,piano forte
no,howlin jackson,wake up dead man
ok,morcheeba,parts of the process
ok,messer chups,cafe sputnik
ok,zimmer90,summer rain
ok,peter von poehl,may day
ok,palace,life after
ok,laurent dury,orchestral stories
ok,oracle sisters,divinations
ok,fellini felin,come to the fore
ok,soniamiki,l amour est doux
ok,wyldest,after the ending
ok,blacktop,tides
ok,le blonde,let it burn
ok,palace,veins
ok,mark kozelek,live in copenhagen
ok,nick waterhouse,monterey
ok,cass mccombs,big wheel and others
ok,harry styles,as it was
ok,bert jansch,birthday blues
ok,mounika,don t look at me
ok,tyler burkhart,sad airplane
ok,coline rio,lettre a soi
ok,baxter dury,b e d
ok,colbey,journey man
ok,machito,mambo sentimental
ok,gottschalk,where it ends
ok,nova heart,beautiful boys
ok,thomas roth,ingredients
ok,ocie elliott,feeling fine
ok,clement bazin,night things
ok,josin,traveller
ok,florent marchet,bambi galaxy
ok,mogli,the spotify
ok,paul martin,pour te dire je t aime
ok,agar agar,sorry about the carpet
ok,emiliana torrini,miss flower
ok,menahan street band,the exciting sounds of menahan street band
ok,lor,zony hollywood
ok,renaud garcia fons,mediterranees a mediterranean journey
ok,dekker,neither up nor down
ok,freak slug,disorder
ok,night tapes,drifting
ok,marsmobil,sixteen f king years of g stone recordings
ok,the marias,carino
ok,jil is lucky,kenzo parfums songs
ok,ponta preta,tits up
ok,suicide,dream baby dream
ok,sven wunder,late again
no,thor rixon,songs from the bath
ok,skywatchers,the skywatchers handbook
ok,blundetto,good good things
ok,strawberry guy,mrs magic
ok,new west,those eyes
no,martha da ro,philophobia
ok,marguerite,les avions
ok,biig piig,the sky is bleeding
ok,let babylon burn,battleground of broken hearts
no,joaqino bianco,capriole
ok,bourvil,copains copains
ok,albert af ekenstam,ashes
no,channo,omo
ok,sade,diamond life
ok,peter von poehl,hits cine
ok,mohini geisweiller,hits cine
ok,nirvana,in utero
ok,martha wainwright,b m f a
ok,elodie gervaise,brut
ok,the human league,dare
no,elijah minnelli,bebe durmiendo cumbia
ok,kid francescoli,kid francescoli
ok,joy,joon
ok,stella rose,drugstore romeo
ok,arsun,wide world
ok,wallows,nothing happens
ok,aimee mann,magnolia
ok,nancy sinatra,the essential nancy sinatra
ok,anna calvi,blackout
ok,aufgang,broad ways
ok,jeanne added,by your side
ok,kevin morby,sundowner
ok,pegase,well bell
ok,sun,brutal pop
ok,leyya,longest day of my life
ok,pale regard,lundi bleu
ok,scylla,pleine lune
ok,fink,hard believer
ok,dominique a,eleor
ok,dean martin,the reprise years
ok,the righteous brothers,rock n roll legends
ok,brodka,clashes
ok,angel olsen,phases
ok,maple glider,good thing
ok,samana,dharma
ok,sales,renee
ok,roszalie,andrei
ok,chilly gonzales,french kiss
ok,grenade,joker
ok,marie jay,dory
ok,sigur ros,atta
ok,renaud,putain de camion
ok,laura cahen,de l autre cote
ok,laurent dury,the art of movement
ok,fritz ali hansen,wayside
ok,twenty one pilots,heathens
ok,ben howard,every kingdom
ok,wheatus,wheatus
ok,saults,entracte
ok,donna blue,desert lake
ok,antonin,antonino
ok,kasbah,pigments
ok,j bernardt,contigo
ok,bomel,module
ok,morgan saint,blazing
ok,the harmaleighs,pretty picture dirty brush
ok,donna blue,sunset blvd
ok,laura cahen,une fille
ok,blanco white,fish in the reeds
ok,zunraid,whiskey morning
ok,she keeps bees,eight houses
ok,barbarossa,griptide
ok,sleaford mods,english tapas
ok,nicolas michaux,amour colere
ok,dekker,maybe october
ok,gabriels,angels queens
ok,lowenzahnhonig,summersurf
ok,bridge dog,auto fictions
ok,sylvie kreusch,bada bing bada boom
ok,anna ash,righteously
ok,foals,what went down
ok,uchu yurei,titian
ok,geckos,geckos
ok,dressed like boys,dressed like boys
ok,wyldest,seastroke
ok,childs,yui
ok,casablanca drivers,tabloid
ok,irene dresel,kinky dogma
ok,corn wave,dudeness
ok,delaurentis,musicalism
ok,thomas roussel,late metal
ok,den dala,nachtsalbei
ok,grouplove,never trust a happy song
no,elliot moss,highspeeds
ok,mathieu boogaerts,mathieu boogaerts
ok,johnny mathis,the essential johnny mathis
ok,giulia los tellarini,barcelona
ok,nicola cruz,folha de jurema
ok,russian red,fuerteventura
ok,maryam saleh,sawtuha
ok,b77,l l 8
ok,modern talking,back for good 2nd
ok,bee bee sea,piangi con me
ok,jocelyn brown,somebody else s guy
ok,this will destroy you,s t
ok,sofie royer,mio
ok,le bon nob,tout donner
ok,bryan elijah smith,apocalyptic blues
ok,black sea dahu,kingdom north
ok,billie eilish,happier than ever
ok,cafe del mundo,beloved europa
ok,pierre cavalli,folk and western guitars
ok,tample,getaway
ok,colt,demi mot
ok,billylildove,idool
ok,nto,loyalty
ok,and so i watch you from afar,megafauna
ok,aerial m,vivea
ok,estl,le nom des fleurs
ok,edith piaf,50 succes essentiels
ok,krisma,chinese restaurant
ok,voyou,chroniques terrestres
ok,gwen cahue,margin call
ok,ibu selva,ngo bo sontg pa
ok,duster,stratosphere
ok,caro luna,cada dia
ok,tess parks,cocaine cat
ok,yves simon,au pays des merveilles de juliet
ok,giulian charles,buy my soul
ok,momus,ping pong
ok,sofa surfers,sofa rockers
ok,brazzaville,jetlag poetry
ok,thao mirah,thao mirah
ok,inuit,dodo mafutsi single
ok,corine,back dans les bacs
ok,dino brandao,bouncy castle
ok,rufus wainwright,folkocracy
ok,lucky love,masculinity
ok,oscar anton,archwood
ok,labradford,e luxo so
ok,maxi beatz,cerrado
ok,icare sandilas,stromboli
ok,glyders,maria s hunt
ok,heart,dreamboat annie
ok,dj shadow,pre emptive strike
ok,boby lapointe,avanie et framboise
ok,wim mertens,charaktersketch
ok,andrea laszlo de simone,conchiglie
ok,bulgarian cartrader,guestlist
ok,camel power club,narukanaga
ok,kavinsky,nightcall
ok,nicolas michaux,vitalisme
ok,michael gray,optimism
ok,vangelis,vangelis delectus
ok,bulgarian cartrader,telecaster warrior
ok,julie felix,clotho s web
ok,nena,einmal ist keinmal
ok,joanne radao,diego suarez
ok,bear s den,elysium
ok,bazbaz,hors de prix
ok,xavier cugat,xavier cugat
ok,celia cruz,mi vida es cantar
ok,zaho de sagazan,suffisamment
ok,el michels affair,unathi b w zaharila
ok,adriano celentano,celentano hit parade le volte che adriano e stato primo
ok,david numwami,chewing gum
ok,bbno,eat ya veggies
no,the blue effect,nova synteza komplet
ok,skinshape,craterellus tubaeformis
ok,arsenal,okan okunkun
ok,danika,coolshit bullshit
ok,django reinhardt,djangologie vol6 1937
ok,anri,xing li xia pan
ok,ariel pink,dedicated to bobby jameson
no,verse metrics,vm1
ok,ferdi,5h34
ok,beak,nan
ok,michele arnaud,nan
ok,adrie,left my love in nyc
ok,alkyone,exit sign
ok,all them witches,fall into place
ok,ambala,volume 1
ok,anthea,run
ok,anya marina,satellite heart
ok,atomic fruit,sketches of the moon
ok,aunt cynthia s cabin,cabin fever
ok,b visible,in between places
ok,bayonne,temporary time
ok,ben camden,salt
ok,blend mishkin,the lost continent
ok,borns,dopamine
ok,cesar,czesare
ok,conduits,electrick children
ok,edouard bielle,d une autre galaxie
ok,elie zoe,hello future me
ok,emmit fenn,the last dance
ok,enlly blue,shadows soul
ok,fort frances,nothing ever change in america
ok,gently marie,the ride
no,gianni marchetti,lips of blood deep cuts from the vinyl crates across the globe vol 1
ok,glen porter,falling down
ok,god is an astronaut,all is violent all is bright
ok,halo kitsch,no money no friends
ok,hank,these days
ok,harold van lennep,liberation
no,hugel,mamma mia
ok,irya s playground,with you
ok,iyeoka,gold
ok,jean du voyage,ritual
ok,jonathan hulten,chants from another place
ok,jpolnd,the end
ok,kadebostany,elephant in the room
ok,kalima,in between worlds
no,kobzx2z,nous deux
ok,la marche bleue,music for maison d en face
ok,levi sct,bach to the future
ok,levi sct,gypsy woman
no,linear phase,always remember us this way
ok,liz lavly,it s so cold my love
ok,lmzg,folie douce
ok,lynette williams,light
ok,malo,love on demand
ok,matina sous peau,1999
ok,mauvaise bouche,apres la pluie
ok,max ananyev,frontier
ok,milky chance,trip tape iii
ok,mindchatter,blood
ok,mister t,fishing for zebras
no,monkyman,what about love
ok,montee,duality
ok,mosimann,outside the box pt 1
ok,mr fogg,youth
ok,nouvelle phenomene,glory of romance
ok,of monsters and men,all is love and pain in the mouse parade
ok,ojos,oui futur
ok,pale honey,some time alone
ok,panda dub,horizons
ok,paul engemann,scarface
ok,paul kalkbrenner,7
ok,paul kalkbrenner,berlin calling
ok,paulwetz,surrender
ok,plain blue,what took you so long
ok,puts marie,masoch i ii
no,r d burman,you ve stolen my heart songs from r d burman s bollywood
no,raumm,demain sera meilleur
ok,resa saffa park,spaces
ok,riviere monk,prophet
ok,robert gromotka,longing
ok,robot koch,sphere
ok,rubii,dreams
ok,ruby haunt,sugar
ok,sad night dynamite,welcome the night
ok,samantha clemons,burn
ok,samson schmitt,rire avec charlie
ok,sarah mccoy,blood siren
ok,selina moon,i am not alone
ok,shazz,heritage
ok,showa manabe,pluto
no,siame8e,i didn t know
ok,siem herstel,camino
ok,silvio astier,civilizacion y barbarie remixes
ok,sirlofi,queen of disaster
ok,smoke jackal,no 01
ok,stavroz,para rio
ok,swum,babydrip
ok,thee sacred souls,will i see you again
ok,tikhet,mixtape suite
ok,timesbold,eye eye
ok,tokyo tea room,no rush
ok,tusks,avalanche
ok,typh barrow,visions
ok,vbnd,daughter of the sun
ok,vittorio monti,cities ii
ok,waxx,fantome
no,wngd mph sch eb l,the impossible rwmh t vol 2
ok,nan,nan
ok,parov stelar,shiver
ok,la flemme,la fete
ok,febueder,morning yawn
ok,toro,mirage
ok,samba jean baptiste,born again freestyle mp3
ok,plasi,avignon
ok,romane,ways of dreaming
ok,sakage,irl
ok,woody,dance on the moon
ok,theo coni,jose
ok,imany,the shape of a broken heart
ok,one t,the one t odc
ok,david kushner,20 years from now
ok,david kushner,the dichotomy
ok,princesse,nouvelle romance
ok,rebecca foon,black butterflies
ok,kinji,pocketwatch
ok,meimuna,meimuna
ok,rougir,i wish i could like you
ok,soley,we sink
ok,wooli,restraint
ok,malaime soleil,quesse
ok,cannons,shadows
ok,falls creek,poets remorse
ok,jazzie young,everything changes
ok,josephien,talk to me
ok,new york,think of you 2am
ok,victor solf,still there s hope live
ok,alastair lane,rouge a levres
ok,cat clyde,hunters trance
ok,dilan balkay,tavsan uykusu
ok,sarah rebecca,sarah rebecca
ok,tal tamari,in the morning
ok,adrian crowley,measure of joy
ok,adrian crowley,some blue morning
ok,antoine villoutreix,petite idee
ok,111,oh wow
ok,antoine bodson,love
ok,championne,fete
ok,circadian eyes,songs for ghosts
ok,don nino,cover songs in inferno
ok,enlly,shadows soul
ok,gennre,wynona
ok,jordan gagne,mistakes made carefully
ok,joshu,lines of time
ok,kiss slash crooked smile,to bring me home
ok,lavinia mancusi,semilla
ok,nora mae,mad woman
ok,palaisvert,l ete indien
ok,pamela,live shift dream
ok,pavvla,creatures
ok,perceval,machtou pichtou
ok,robin kester,dark sky reserve
ok,stacks,love and language
ok,thk,smoking sessions
ok,tr st,the destroyer 2
ok,all india radio,fall
ok,kelly boesch,little alien
ok,saint stacy,beginner again
ok,cousines like shit,permanent earthquake
ok,gravenhurst,flashlight seasons
ok,issy wood,the blame pt 4
ok,robert d,the very best of sci fi fantasy
ok,toni bruna,formigole
ok,ask carol,ac ii desert sky
ok,broncho,just enough hip to be woman
ok,c duncan,the midnight sun
ok,honeymoan,weirdo
ok,noonzy,mama mia
ok,poppy jean crawford,pink cheeks
ok,saya gray,saya
ok,taraneh,face of fear
ok,tara nome doyle,ekko
ok,blu samu,breakfast
ok,gian piero reverberi,rondo veneziano
ok,keaton henson,past it loose ends
ok,r missing,fakesnow
ok,duke garwood,garden of ashes
ok,euphoria,silence in everywhere
ok,glaascats,witness the fall
ok,muddy monk,bingo paradis
ok,mcdviii,neon nights
ok,olivia merilahti,soft p rn
ok,quiet light,blue angel sparkling silver
ok,retro neon fm,retro heat vol 3
ok,veeko,house of birds
ok,szepty starych drzew,zmora
ok,grzegorz ciechowski,biala flaga
ok,vivii,vivii
ok,al lethbridge,mediterraneo
ok,ao,malandra
ok,avec pas d casque,effets speciaux
ok,bella litsa,drasticism
ok,caesaria,tonight will only make me love you more
ok,canine,swallows
ok,ceci,everybody loves
ok,danny elfman,edward scissorhands
ok,dope lemon,honey bones
ok,fruit juice,engines
ok,gang of youths,go farther in lightness
ok,grandgeorge,face to faithok
ok,heartworms,glutton for punishment
ok,highcell,oh no i hope i don t fall
ok,hollysiz,rather than talking
ok,hugo barriol,everywhere anywhere
ok,i don t like mirrors,not how it s supposed to be
ok,jenna,l art de n etre pas
ok,kaponz spinoza,elements du decor
ok,kazy lambist,pinch me
ok,kessi k,called it artwork
ok,kissing is a crime,kissing is a crime
ok,la riviera,sans lendemain
ok,lia juno,nowhere alone
ok,lindolfo gargiulo,une danse et deux souvenirs
ok,luca wilding,ruby don t cry
ok,lucie vagenheim,glaces brulantes
ok,lucy fair,something in the water
ok,manchester orchestra,i know how to speak
ok,mimosa,cote d azurok
ok,natasha bedingfield,pocketful of sunshine
ok,noah floersch,the lady on the moon
ok,orlane,aller retour
ok,pati yang,silent treatmentok
ok,pony pony run run,pony pony run run
ok,quentin sirjacq,far islands and near places
ok,ray bull,easy way to loseok
ok,rb dance company,stories run stop fall rise
ok,ruby waters,what s the point
ok,rufus du sol,surrender
ok,saavan,slow
ok,sam gellaitry,assumptions
ok,savanah,dernier endroit
ok,sean solomon,shooting star
ok,shiro sagisu,tv animation bleach original soundtrack 1
ok,syd taylor,after the fact
ok,tictoven,salvador de piano
ok,velour,offset
ok,veridis project,voir le soleil
ok,wngd ` mph`sch eb l,the impossible rwmh t vol 2
ok,ylva li,shades
ok,zoe me,valse a demi
